Bracket Type=4,,,,,,,,,,,,,,,,,,,,
Sample Type,File Name,Sample ID,Path,Instrument Method,Process Method,Calibration File,Position,Inj Vol,Level,Sample Wt,Sample Vol,ISTD Amt,Dil Factor,L1 Study,L2 Client,L3 Laboratory,L4 Company,L5 Phone,Comment,Sample Name
Unknown,BRYU005_BK_1_pre_QE2_HILIC_001,1,C:/Xcalibur/data/Brian_Yu/May_2022_HILIC,C:\Xcalibur\methods\Untargeted_DDA_HILIC_Pos,,,R:D12,0.01,0,0,0,,1,,,,,,,
Unknown,BRYU005_BK_1_pre_QE2_HILIC_002,2,C:/Xcalibur/data/Brian_Yu/May_2022_HILIC,C:\Xcalibur\methods\Untargeted_DDA_HILIC_Pos,,,R:D12,0.01,0,0,0,,1,,,,,,,
Unknown,BRYU005_Urine_1_Pos_QE2_HILIC_003,3,C:/Xcalibur/data/Brian_Yu/May_2022_HILIC,C:\Xcalibur\methods\Untargeted_DDA_HILIC_Pos,,,R:H12,2,0,0,0,,1,,,,,,,
Unknown,BRYU005_Urine_1_Neg_QE2_HILIC_004,4,C:/Xcalibur/data/Brian_Yu/May_2022_HILIC,C:\Xcalibur\methods\Untargeted_DDA_HILIC_Neg,,,R:H12,2,0,0,0,,1,,,,,,,
Unknown,BRYU005_BK_1_pre_QE2_HILIC_005,5,C:/Xcalibur/data/Brian_Yu/May_2022_HILIC,C:\Xcalibur\methods\Untargeted_DDA_HILIC_Pos,,,R:D12,0.01,0,0,0,,1,,,,,,,
Unknown,BRYU005_BK_Pos_QE2_HILIC_006,6,C:/Xcalibur/data/Brian_Yu/May_2022_HILIC,C:\Xcalibur\methods\Untargeted_DDA_HILIC_Pos,,,R:A1,2,0,0,0,,1,,,,,,,
Unknown,BRYU005_BK_Neg_QE2_HILIC_007,7,C:/Xcalibur/data/Brian_Yu/May_2022_HILIC,C:\Xcalibur\methods\Untargeted_DDA_HILIC_Neg,,,R:A1,2,0,0,0,,1,,,,,,,
Unknown,BRYU005_QC_1_Pos_QE2_HILIC_008,8,C:/Xcalibur/data/Brian_Yu/May_2022_HILIC,C:\Xcalibur\methods\Untargeted_DDA_HILIC_Pos,,,R:E1,2,0,0,0,,1,,,,,,,
Unknown,BRYU005_QC_1_Neg_QE2_HILIC_009,9,C:/Xcalibur/data/Brian_Yu/May_2022_HILIC,C:\Xcalibur\methods\Untargeted_DDA_HILIC_Neg,,,R:E1,2,0,0,0,,1,,,,,,,
Unknown,BRYU005_Pos_SA0012_QE2_HILIC_010,10,C:/Xcalibur/data/Brian_Yu/May_2022_HILIC,C:\Xcalibur\methods\Untargeted_DDA_HILIC_Pos,,,G:D2,2,0,0,0,,1,SA0012,,,,,,
Unknown,BRYU005_Neg_SA0012_QE2_HILIC_011,11,C:/Xcalibur/data/Brian_Yu/May_2022_HILIC,C:\Xcalibur\methods\Untargeted_DDA_HILIC_Neg,,,G:D2,2,0,0,0,,1,SA0012,,,,,,
Unknown,BRYU005_Pos_SA0002_QE2_HILIC_012,12,C:/Xcalibur/data/Brian_Yu/May_2022_HILIC,C:\Xcalibur\methods\Untargeted_DDA_HILIC_Pos,,,G:B1,2,0,0,0,,1,SA0002,,,,,,
Unknown,BRYU005_Neg_SA0002_QE2_HILIC_013,13,C:/Xcalibur/data/Brian_Yu/May_2022_HILIC,C:\Xcalibur\methods\Untargeted_DDA_HILIC_Neg,,,G:B1,2,0,0,0,,1,SA0002,,,,,,
Unknown,BRYU005_Pos_SA0019_QE2_HILIC_014,14,C:/Xcalibur/data/Brian_Yu/May_2022_HILIC,C:\Xcalibur\methods\Untargeted_DDA_HILIC_Pos,,,G:C3,2,0,0,0,,1,SA0019,,,,,,
Unknown,BRYU005_Neg_SA0019_QE2_HILIC_015,15,C:/Xcalibur/data/Brian_Yu/May_2022_HILIC,C:\Xcalibur\methods\Untargeted_DDA_HILIC_Neg,,,G:C3,2,0,0,0,,1,SA0019,,,,,,
Unknown,BRYU005_Pos_SA0067_QE2_HILIC_016,16,C:/Xcalibur/data/Brian_Yu/May_2022_HILIC,C:\Xcalibur\methods\Untargeted_DDA_HILIC_Pos,,,G:C9,2,0,0,0,,1,SA0067,,,,,,
Unknown,BRYU005_Neg_SA0067_QE2_HILIC_017,17,C:/Xcalibur/data/Brian_Yu/May_2022_HILIC,C:\Xcalibur\methods\Untargeted_DDA_HILIC_Neg,,,G:C9,2,0,0,0,,1,SA0067,,,,,,
Unknown,BRYU005_Pos_SA0070_QE2_HILIC_018,18,C:/Xcalibur/data/Brian_Yu/May_2022_HILIC,C:\Xcalibur\methods\Untargeted_DDA_HILIC_Pos,,,G:F9,2,0,0,0,,1,SA0070,,,,,,
Unknown,BRYU005_Neg_SA0070_QE2_HILIC_019,19,C:/Xcalibur/data/Brian_Yu/May_2022_HILIC,C:\Xcalibur\methods\Untargeted_DDA_HILIC_Neg,,,G:F9,2,0,0,0,,1,SA0070,,,,,,
Unknown,BRYU005_Pos_SA0064_QE2_HILIC_020,20,C:/Xcalibur/data/Brian_Yu/May_2022_HILIC,C:\Xcalibur\methods\Untargeted_DDA_HILIC_Pos,,,G:H8,2,0,0,0,,1,SA0064,,,,,,
Unknown,BRYU005_Neg_SA0064_QE2_HILIC_021,21,C:/Xcalibur/data/Brian_Yu/May_2022_HILIC,C:\Xcalibur\methods\Untargeted_DDA_HILIC_Neg,,,G:H8,2,0,0,0,,1,SA0064,,,,,,
Unknown,BRYU005_Pos_SA0066_QE2_HILIC_022,22,C:/Xcalibur/data/Brian_Yu/May_2022_HILIC,C:\Xcalibur\methods\Untargeted_DDA_HILIC_Pos,,,G:B9,2,0,0,0,,1,SA0066,,,,,,
Unknown,BRYU005_Neg_SA0066_QE2_HILIC_023,23,C:/Xcalibur/data/Brian_Yu/May_2022_HILIC,C:\Xcalibur\methods\Untargeted_DDA_HILIC_Neg,,,G:B9,2,0,0,0,,1,SA0066,,,,,,
Unknown,BRYU005_Pos_SA0054_QE2_HILIC_024,24,C:/Xcalibur/data/Brian_Yu/May_2022_HILIC,C:\Xcalibur\methods\Untargeted_DDA_HILIC_Pos,,,G:F7,2,0,0,0,,1,SA0054,,,,,,
Unknown,BRYU005_Neg_SA0054_QE2_HILIC_025,25,C:/Xcalibur/data/Brian_Yu/May_2022_HILIC,C:\Xcalibur\methods\Untargeted_DDA_HILIC_Neg,,,G:F7,2,0,0,0,,1,SA0054,,,,,,
Unknown,BRYU005_Pos_SA0062_QE2_HILIC_026,26,C:/Xcalibur/data/Brian_Yu/May_2022_HILIC,C:\Xcalibur\methods\Untargeted_DDA_HILIC_Pos,,,G:F8,2,0,0,0,,1,SA0062,,,,,,
Unknown,BRYU005_Neg_SA0062_QE2_HILIC_027,27,C:/Xcalibur/data/Brian_Yu/May_2022_HILIC,C:\Xcalibur\methods\Untargeted_DDA_HILIC_Neg,,,G:F8,2,0,0,0,,1,SA0062,,,,,,
Unknown,BRYU005_Pos_SA0003_QE2_HILIC_028,28,C:/Xcalibur/data/Brian_Yu/May_2022_HILIC,C:\Xcalibur\methods\Untargeted_DDA_HILIC_Pos,,,G:C1,2,0,0,0,,1,SA0003,,,,,,
Unknown,BRYU005_Neg_SA0003_QE2_HILIC_029,29,C:/Xcalibur/data/Brian_Yu/May_2022_HILIC,C:\Xcalibur\methods\Untargeted_DDA_HILIC_Neg,,,G:C1,2,0,0,0,,1,SA0003,,,,,,
Unknown,BRYU005_BK_Pos_QE2_HILIC_030,30,C:/Xcalibur/data/Brian_Yu/May_2022_HILIC,C:\Xcalibur\methods\Untargeted_DDA_HILIC_Pos,,,R:A2,2,0,0,0,,1,,,,,,,
Unknown,BRYU005_BK_Neg_QE2_HILIC_031,31,C:/Xcalibur/data/Brian_Yu/May_2022_HILIC,C:\Xcalibur\methods\Untargeted_DDA_HILIC_Neg,,,R:A2,2,0,0,0,,1,,,,,,,
Unknown,BRYU005_QC_2_Pos_QE2_HILIC_032,32,C:/Xcalibur/data/Brian_Yu/May_2022_HILIC,C:\Xcalibur\methods\Untargeted_DDA_HILIC_Pos,,,R:E2,2,0,0,0,,1,,,,,,,
Unknown,BRYU005_QC_2_Neg_QE2_HILIC_033,33,C:/Xcalibur/data/Brian_Yu/May_2022_HILIC,C:\Xcalibur\methods\Untargeted_DDA_HILIC_Neg,,,R:E2,2,0,0,0,,1,,,,,,,
Unknown,BRYU005_Pos_SA0015_QE2_HILIC_034,34,C:/Xcalibur/data/Brian_Yu/May_2022_HILIC,C:\Xcalibur\methods\Untargeted_DDA_HILIC_Pos,,,G:G2,2,0,0,0,,1,SA0015,,,,,,
Unknown,BRYU005_Neg_SA0015_QE2_HILIC_035,35,C:/Xcalibur/data/Brian_Yu/May_2022_HILIC,C:\Xcalibur\methods\Untargeted_DDA_HILIC_Neg,,,G:G2,2,0,0,0,,1,SA0015,,,,,,
Unknown,BRYU005_Pos_SA0041_QE2_HILIC_036,36,C:/Xcalibur/data/Brian_Yu/May_2022_HILIC,C:\Xcalibur\methods\Untargeted_DDA_HILIC_Pos,,,G:A6,2,0,0,0,,1,SA0041,,,,,,
Unknown,BRYU005_Neg_SA0041_QE2_HILIC_037,37,C:/Xcalibur/data/Brian_Yu/May_2022_HILIC,C:\Xcalibur\methods\Untargeted_DDA_HILIC_Neg,,,G:A6,2,0,0,0,,1,SA0041,,,,,,
Unknown,BRYU005_Pos_SA0004_QE2_HILIC_038,38,C:/Xcalibur/data/Brian_Yu/May_2022_HILIC,C:\Xcalibur\methods\Untargeted_DDA_HILIC_Pos,,,G:D1,2,0,0,0,,1,SA0004,,,,,,
Unknown,BRYU005_Neg_SA0004_QE2_HILIC_039,39,C:/Xcalibur/data/Brian_Yu/May_2022_HILIC,C:\Xcalibur\methods\Untargeted_DDA_HILIC_Neg,,,G:D1,2,0,0,0,,1,SA0004,,,,,,
Unknown,BRYU005_Pos_SA0061_QE2_HILIC_040,40,C:/Xcalibur/data/Brian_Yu/May_2022_HILIC,C:\Xcalibur\methods\Untargeted_DDA_HILIC_Pos,,,G:E8,2,0,0,0,,1,SA0061,,,,,,
Unknown,BRYU005_Neg_SA0061_QE2_HILIC_041,41,C:/Xcalibur/data/Brian_Yu/May_2022_HILIC,C:\Xcalibur\methods\Untargeted_DDA_HILIC_Neg,,,G:E8,2,0,0,0,,1,SA0061,,,,,,
Unknown,BRYU005_Pos_SA0068_QE2_HILIC_042,42,C:/Xcalibur/data/Brian_Yu/May_2022_HILIC,C:\Xcalibur\methods\Untargeted_DDA_HILIC_Pos,,,G:D9,2,0,0,0,,1,SA0068,,,,,,
Unknown,BRYU005_Neg_SA0068_QE2_HILIC_043,43,C:/Xcalibur/data/Brian_Yu/May_2022_HILIC,C:\Xcalibur\methods\Untargeted_DDA_HILIC_Neg,,,G:D9,2,0,0,0,,1,SA0068,,,,,,
Unknown,BRYU005_Pos_SA0007_QE2_HILIC_044,44,C:/Xcalibur/data/Brian_Yu/May_2022_HILIC,C:\Xcalibur\methods\Untargeted_DDA_HILIC_Pos,,,G:G1,2,0,0,0,,1,SA0007,,,,,,
Unknown,BRYU005_Neg_SA0007_QE2_HILIC_045,45,C:/Xcalibur/data/Brian_Yu/May_2022_HILIC,C:\Xcalibur\methods\Untargeted_DDA_HILIC_Neg,,,G:G1,2,0,0,0,,1,SA0007,,,,,,
Unknown,BRYU005_Pos_SA0006_QE2_HILIC_046,46,C:/Xcalibur/data/Brian_Yu/May_2022_HILIC,C:\Xcalibur\methods\Untargeted_DDA_HILIC_Pos,,,G:F1,2,0,0,0,,1,SA0006,,,,,,
Unknown,BRYU005_Neg_SA0006_QE2_HILIC_047,47,C:/Xcalibur/data/Brian_Yu/May_2022_HILIC,C:\Xcalibur\methods\Untargeted_DDA_HILIC_Neg,,,G:F1,2,0,0,0,,1,SA0006,,,,,,
Unknown,BRYU005_Pos_SA0037_QE2_HILIC_048,48,C:/Xcalibur/data/Brian_Yu/May_2022_HILIC,C:\Xcalibur\methods\Untargeted_DDA_HILIC_Pos,,,G:E5,2,0,0,0,,1,SA0037,,,,,,
Unknown,BRYU005_Neg_SA0037_QE2_HILIC_049,49,C:/Xcalibur/data/Brian_Yu/May_2022_HILIC,C:\Xcalibur\methods\Untargeted_DDA_HILIC_Neg,,,G:E5,2,0,0,0,,1,SA0037,,,,,,
Unknown,BRYU005_Pos_SA0044_QE2_HILIC_050,50,C:/Xcalibur/data/Brian_Yu/May_2022_HILIC,C:\Xcalibur\methods\Untargeted_DDA_HILIC_Pos,,,G:D6,2,0,0,0,,1,SA0044,,,,,,
Unknown,BRYU005_Neg_SA0044_QE2_HILIC_051,51,C:/Xcalibur/data/Brian_Yu/May_2022_HILIC,C:\Xcalibur\methods\Untargeted_DDA_HILIC_Neg,,,G:D6,2,0,0,0,,1,SA0044,,,,,,
Unknown,BRYU005_Pos_SA0026_QE2_HILIC_052,52,C:/Xcalibur/data/Brian_Yu/May_2022_HILIC,C:\Xcalibur\methods\Untargeted_DDA_HILIC_Pos,,,G:B4,2,0,0,0,,1,SA0026,,,,,,
Unknown,BRYU005_Neg_SA0026_QE2_HILIC_053,53,C:/Xcalibur/data/Brian_Yu/May_2022_HILIC,C:\Xcalibur\methods\Untargeted_DDA_HILIC_Neg,,,G:B4,2,0,0,0,,1,SA0026,,,,,,
Unknown,BRYU005_BK_Pos_QE2_HILIC_054,54,C:/Xcalibur/data/Brian_Yu/May_2022_HILIC,C:\Xcalibur\methods\Untargeted_DDA_HILIC_Pos,,,R:A3,2,0,0,0,,1,,,,,,,
Unknown,BRYU005_BK_Neg_QE2_HILIC_055,55,C:/Xcalibur/data/Brian_Yu/May_2022_HILIC,C:\Xcalibur\methods\Untargeted_DDA_HILIC_Neg,,,R:A3,2,0,0,0,,1,,,,,,,
Unknown,BRYU005_QC_3_Pos_QE2_HILIC_056,56,C:/Xcalibur/data/Brian_Yu/May_2022_HILIC,C:\Xcalibur\methods\Untargeted_DDA_HILIC_Pos,,,R:E3,2,0,0,0,,1,,,,,,,
Unknown,BRYU005_QC_3_Neg_QE2_HILIC_057,57,C:/Xcalibur/data/Brian_Yu/May_2022_HILIC,C:\Xcalibur\methods\Untargeted_DDA_HILIC_Neg,,,R:E3,2,0,0,0,,1,,,,,,,
Unknown,BRYU005_Pos_SA0021_QE2_HILIC_058,58,C:/Xcalibur/data/Brian_Yu/May_2022_HILIC,C:\Xcalibur\methods\Untargeted_DDA_HILIC_Pos,,,G:E3,2,0,0,0,,1,SA0021,,,,,,
Unknown,BRYU005_Neg_SA0021_QE2_HILIC_059,59,C:/Xcalibur/data/Brian_Yu/May_2022_HILIC,C:\Xcalibur\methods\Untargeted_DDA_HILIC_Neg,,,G:E3,2,0,0,0,,1,SA0021,,,,,,
Unknown,BRYU005_Pos_SA0046_QE2_HILIC_060,60,C:/Xcalibur/data/Brian_Yu/May_2022_HILIC,C:\Xcalibur\methods\Untargeted_DDA_HILIC_Pos,,,G:F6,2,0,0,0,,1,SA0046,,,,,,
Unknown,BRYU005_Neg_SA0046_QE2_HILIC_061,61,C:/Xcalibur/data/Brian_Yu/May_2022_HILIC,C:\Xcalibur\methods\Untargeted_DDA_HILIC_Neg,,,G:F6,2,0,0,0,,1,SA0046,,,,,,
Unknown,BRYU005_Pos_SA0036_QE2_HILIC_062,62,C:/Xcalibur/data/Brian_Yu/May_2022_HILIC,C:\Xcalibur\methods\Untargeted_DDA_HILIC_Pos,,,G:D5,2,0,0,0,,1,SA0036,,,,,,
Unknown,BRYU005_Neg_SA0036_QE2_HILIC_063,63,C:/Xcalibur/data/Brian_Yu/May_2022_HILIC,C:\Xcalibur\methods\Untargeted_DDA_HILIC_Neg,,,G:D5,2,0,0,0,,1,SA0036,,,,,,
Unknown,BRYU005_Pos_SA0059_QE2_HILIC_064,64,C:/Xcalibur/data/Brian_Yu/May_2022_HILIC,C:\Xcalibur\methods\Untargeted_DDA_HILIC_Pos,,,G:C8,2,0,0,0,,1,SA0059,,,,,,
Unknown,BRYU005_Neg_SA0059_QE2_HILIC_065,65,C:/Xcalibur/data/Brian_Yu/May_2022_HILIC,C:\Xcalibur\methods\Untargeted_DDA_HILIC_Neg,,,G:C8,2,0,0,0,,1,SA0059,,,,,,
Unknown,BRYU005_Pos_SA0058_QE2_HILIC_066,66,C:/Xcalibur/data/Brian_Yu/May_2022_HILIC,C:\Xcalibur\methods\Untargeted_DDA_HILIC_Pos,,,G:B8,2,0,0,0,,1,SA0058,,,,,,
Unknown,BRYU005_Neg_SA0058_QE2_HILIC_067,67,C:/Xcalibur/data/Brian_Yu/May_2022_HILIC,C:\Xcalibur\methods\Untargeted_DDA_HILIC_Neg,,,G:B8,2,0,0,0,,1,SA0058,,,,,,
Unknown,BRYU005_Pos_SA0035_QE2_HILIC_068,68,C:/Xcalibur/data/Brian_Yu/May_2022_HILIC,C:\Xcalibur\methods\Untargeted_DDA_HILIC_Pos,,,G:C5,2,0,0,0,,1,SA0035,,,,,,
Unknown,BRYU005_Neg_SA0035_QE2_HILIC_069,69,C:/Xcalibur/data/Brian_Yu/May_2022_HILIC,C:\Xcalibur\methods\Untargeted_DDA_HILIC_Neg,,,G:C5,2,0,0,0,,1,SA0035,,,,,,
Unknown,BRYU005_Pos_SA0033_QE2_HILIC_070,70,C:/Xcalibur/data/Brian_Yu/May_2022_HILIC,C:\Xcalibur\methods\Untargeted_DDA_HILIC_Pos,,,G:A5,2,0,0,0,,1,SA0033,,,,,,
Unknown,BRYU005_Neg_SA0033_QE2_HILIC_071,71,C:/Xcalibur/data/Brian_Yu/May_2022_HILIC,C:\Xcalibur\methods\Untargeted_DDA_HILIC_Neg,,,G:A5,2,0,0,0,,1,SA0033,,,,,,
Unknown,BRYU005_Pos_SA0060_QE2_HILIC_072,72,C:/Xcalibur/data/Brian_Yu/May_2022_HILIC,C:\Xcalibur\methods\Untargeted_DDA_HILIC_Pos,,,G:D8,2,0,0,0,,1,SA0060,,,,,,
Unknown,BRYU005_Neg_SA0060_QE2_HILIC_073,73,C:/Xcalibur/data/Brian_Yu/May_2022_HILIC,C:\Xcalibur\methods\Untargeted_DDA_HILIC_Neg,,,G:D8,2,0,0,0,,1,SA0060,,,,,,
Unknown,BRYU005_Pos_SA0039_QE2_HILIC_074,74,C:/Xcalibur/data/Brian_Yu/May_2022_HILIC,C:\Xcalibur\methods\Untargeted_DDA_HILIC_Pos,,,G:G5,2,0,0,0,,1,SA0039,,,,,,
Unknown,BRYU005_Neg_SA0039_QE2_HILIC_075,75,C:/Xcalibur/data/Brian_Yu/May_2022_HILIC,C:\Xcalibur\methods\Untargeted_DDA_HILIC_Neg,,,G:G5,2,0,0,0,,1,SA0039,,,,,,
Unknown,BRYU005_Pos_SA0045_QE2_HILIC_076,76,C:/Xcalibur/data/Brian_Yu/May_2022_HILIC,C:\Xcalibur\methods\Untargeted_DDA_HILIC_Pos,,,G:E6,2,0,0,0,,1,SA0045,,,,,,
Unknown,BRYU005_Neg_SA0045_QE2_HILIC_077,77,C:/Xcalibur/data/Brian_Yu/May_2022_HILIC,C:\Xcalibur\methods\Untargeted_DDA_HILIC_Neg,,,G:E6,2,0,0,0,,1,SA0045,,,,,,
Unknown,BRYU005_BK_Pos_QE2_HILIC_078,78,C:/Xcalibur/data/Brian_Yu/May_2022_HILIC,C:\Xcalibur\methods\Untargeted_DDA_HILIC_Pos,,,R:A4,2,0,0,0,,1,,,,,,,
Unknown,BRYU005_BK_Neg_QE2_HILIC_079,79,C:/Xcalibur/data/Brian_Yu/May_2022_HILIC,C:\Xcalibur\methods\Untargeted_DDA_HILIC_Neg,,,R:A4,2,0,0,0,,1,,,,,,,
Unknown,BRYU005_QC_4_Pos_QE2_HILIC_080,80,C:/Xcalibur/data/Brian_Yu/May_2022_HILIC,C:\Xcalibur\methods\Untargeted_DDA_HILIC_Pos,,,R:E4,2,0,0,0,,1,,,,,,,
Unknown,BRYU005_QC_4_Neg_QE2_HILIC_081,81,C:/Xcalibur/data/Brian_Yu/May_2022_HILIC,C:\Xcalibur\methods\Untargeted_DDA_HILIC_Neg,,,R:E4,2,0,0,0,,1,,,,,,,
Unknown,BRYU005_Pos_SA0031_QE2_HILIC_082,82,C:/Xcalibur/data/Brian_Yu/May_2022_HILIC,C:\Xcalibur\methods\Untargeted_DDA_HILIC_Pos,,,G:G4,2,0,0,0,,1,SA0031,,,,,,
Unknown,BRYU005_Neg_SA0031_QE2_HILIC_083,83,C:/Xcalibur/data/Brian_Yu/May_2022_HILIC,C:\Xcalibur\methods\Untargeted_DDA_HILIC_Neg,,,G:G4,2,0,0,0,,1,SA0031,,,,,,
Unknown,BRYU005_Pos_SA0043_QE2_HILIC_084,84,C:/Xcalibur/data/Brian_Yu/May_2022_HILIC,C:\Xcalibur\methods\Untargeted_DDA_HILIC_Pos,,,G:C6,2,0,0,0,,1,SA0043,,,,,,
Unknown,BRYU005_Neg_SA0043_QE2_HILIC_085,85,C:/Xcalibur/data/Brian_Yu/May_2022_HILIC,C:\Xcalibur\methods\Untargeted_DDA_HILIC_Neg,,,G:C6,2,0,0,0,,1,SA0043,,,,,,
Unknown,BRYU005_Pos_SA0008_QE2_HILIC_086,86,C:/Xcalibur/data/Brian_Yu/May_2022_HILIC,C:\Xcalibur\methods\Untargeted_DDA_HILIC_Pos,,,G:H1,2,0,0,0,,1,SA0008,,,,,,
Unknown,BRYU005_Neg_SA0008_QE2_HILIC_087,87,C:/Xcalibur/data/Brian_Yu/May_2022_HILIC,C:\Xcalibur\methods\Untargeted_DDA_HILIC_Neg,,,G:H1,2,0,0,0,,1,SA0008,,,,,,
Unknown,BRYU005_Pos_SA0022_QE2_HILIC_088,88,C:/Xcalibur/data/Brian_Yu/May_2022_HILIC,C:\Xcalibur\methods\Untargeted_DDA_HILIC_Pos,,,G:F3,2,0,0,0,,1,SA0022,,,,,,
Unknown,BRYU005_Neg_SA0022_QE2_HILIC_089,89,C:/Xcalibur/data/Brian_Yu/May_2022_HILIC,C:\Xcalibur\methods\Untargeted_DDA_HILIC_Neg,,,G:F3,2,0,0,0,,1,SA0022,,,,,,
Unknown,BRYU005_Pos_SA0051_QE2_HILIC_090,90,C:/Xcalibur/data/Brian_Yu/May_2022_HILIC,C:\Xcalibur\methods\Untargeted_DDA_HILIC_Pos,,,G:C7,2,0,0,0,,1,SA0051,,,,,,
Unknown,BRYU005_Neg_SA0051_QE2_HILIC_091,91,C:/Xcalibur/data/Brian_Yu/May_2022_HILIC,C:\Xcalibur\methods\Untargeted_DDA_HILIC_Neg,,,G:C7,2,0,0,0,,1,SA0051,,,,,,
Unknown,BRYU005_Pos_SA0025_QE2_HILIC_092,92,C:/Xcalibur/data/Brian_Yu/May_2022_HILIC,C:\Xcalibur\methods\Untargeted_DDA_HILIC_Pos,,,G:A4,2,0,0,0,,1,SA0025,,,,,,
Unknown,BRYU005_Neg_SA0025_QE2_HILIC_093,93,C:/Xcalibur/data/Brian_Yu/May_2022_HILIC,C:\Xcalibur\methods\Untargeted_DDA_HILIC_Neg,,,G:A4,2,0,0,0,,1,SA0025,,,,,,
Unknown,BRYU005_Pos_SA0014_QE2_HILIC_094,94,C:/Xcalibur/data/Brian_Yu/May_2022_HILIC,C:\Xcalibur\methods\Untargeted_DDA_HILIC_Pos,,,G:F2,2,0,0,0,,1,SA0014,,,,,,
Unknown,BRYU005_Neg_SA0014_QE2_HILIC_095,95,C:/Xcalibur/data/Brian_Yu/May_2022_HILIC,C:\Xcalibur\methods\Untargeted_DDA_HILIC_Neg,,,G:F2,2,0,0,0,,1,SA0014,,,,,,
Unknown,BRYU005_Pos_SA0069_QE2_HILIC_096,96,C:/Xcalibur/data/Brian_Yu/May_2022_HILIC,C:\Xcalibur\methods\Untargeted_DDA_HILIC_Pos,,,G:E9,2,0,0,0,,1,SA0069,,,,,,
Unknown,BRYU005_Neg_SA0069_QE2_HILIC_097,97,C:/Xcalibur/data/Brian_Yu/May_2022_HILIC,C:\Xcalibur\methods\Untargeted_DDA_HILIC_Neg,,,G:E9,2,0,0,0,,1,SA0069,,,,,,
Unknown,BRYU005_Pos_SA0032_QE2_HILIC_098,98,C:/Xcalibur/data/Brian_Yu/May_2022_HILIC,C:\Xcalibur\methods\Untargeted_DDA_HILIC_Pos,,,G:H4,2,0,0,0,,1,SA0032,,,,,,
Unknown,BRYU005_Neg_SA0032_QE2_HILIC_099,99,C:/Xcalibur/data/Brian_Yu/May_2022_HILIC,C:\Xcalibur\methods\Untargeted_DDA_HILIC_Neg,,,G:H4,2,0,0,0,,1,SA0032,,,,,,
Unknown,BRYU005_Pos_SA0005_QE2_HILIC_100,100,C:/Xcalibur/data/Brian_Yu/May_2022_HILIC,C:\Xcalibur\methods\Untargeted_DDA_HILIC_Pos,,,G:E1,2,0,0,0,,1,SA0005,,,,,,
Unknown,BRYU005_Neg_SA0005_QE2_HILIC_101,101,C:/Xcalibur/data/Brian_Yu/May_2022_HILIC,C:\Xcalibur\methods\Untargeted_DDA_HILIC_Neg,,,G:E1,2,0,0,0,,1,SA0005,,,,,,
Unknown,BRYU005_BK_Pos_QE2_HILIC_102,102,C:/Xcalibur/data/Brian_Yu/May_2022_HILIC,C:\Xcalibur\methods\Untargeted_DDA_HILIC_Pos,,,R:A5,2,0,0,0,,1,,,,,,,
Unknown,BRYU005_BK_Neg_QE2_HILIC_103,103,C:/Xcalibur/data/Brian_Yu/May_2022_HILIC,C:\Xcalibur\methods\Untargeted_DDA_HILIC_Neg,,,R:A5,2,0,0,0,,1,,,,,,,
Unknown,BRYU005_QC_5_Pos_QE2_HILIC_104,104,C:/Xcalibur/data/Brian_Yu/May_2022_HILIC,C:\Xcalibur\methods\Untargeted_DDA_HILIC_Pos,,,R:E5,2,0,0,0,,1,,,,,,,
Unknown,BRYU005_QC_5_Neg_QE2_HILIC_105,105,C:/Xcalibur/data/Brian_Yu/May_2022_HILIC,C:\Xcalibur\methods\Untargeted_DDA_HILIC_Neg,,,R:E5,2,0,0,0,,1,,,,,,,
Unknown,BRYU005_Pos_SA0030_QE2_HILIC_106,106,C:/Xcalibur/data/Brian_Yu/May_2022_HILIC,C:\Xcalibur\methods\Untargeted_DDA_HILIC_Pos,,,G:F4,2,0,0,0,,1,SA0030,,,,,,
Unknown,BRYU005_Neg_SA0030_QE2_HILIC_107,107,C:/Xcalibur/data/Brian_Yu/May_2022_HILIC,C:\Xcalibur\methods\Untargeted_DDA_HILIC_Neg,,,G:F4,2,0,0,0,,1,SA0030,,,,,,
Unknown,BRYU005_Pos_SA0010_QE2_HILIC_108,108,C:/Xcalibur/data/Brian_Yu/May_2022_HILIC,C:\Xcalibur\methods\Untargeted_DDA_HILIC_Pos,,,G:B2,2,0,0,0,,1,SA0010,,,,,,
Unknown,BRYU005_Neg_SA0010_QE2_HILIC_109,109,C:/Xcalibur/data/Brian_Yu/May_2022_HILIC,C:\Xcalibur\methods\Untargeted_DDA_HILIC_Neg,,,G:B2,2,0,0,0,,1,SA0010,,,,,,
Unknown,BRYU005_Pos_SA0016_QE2_HILIC_110,110,C:/Xcalibur/data/Brian_Yu/May_2022_HILIC,C:\Xcalibur\methods\Untargeted_DDA_HILIC_Pos,,,G:H2,2,0,0,0,,1,SA0016,,,,,,
Unknown,BRYU005_Neg_SA0016_QE2_HILIC_111,111,C:/Xcalibur/data/Brian_Yu/May_2022_HILIC,C:\Xcalibur\methods\Untargeted_DDA_HILIC_Neg,,,G:H2,2,0,0,0,,1,SA0016,,,,,,
Unknown,BRYU005_Pos_SA0057_QE2_HILIC_112,112,C:/Xcalibur/data/Brian_Yu/May_2022_HILIC,C:\Xcalibur\methods\Untargeted_DDA_HILIC_Pos,,,G:A8,2,0,0,0,,1,SA0057,,,,,,
Unknown,BRYU005_Neg_SA0057_QE2_HILIC_113,113,C:/Xcalibur/data/Brian_Yu/May_2022_HILIC,C:\Xcalibur\methods\Untargeted_DDA_HILIC_Neg,,,G:A8,2,0,0,0,,1,SA0057,,,,,,
Unknown,BRYU005_Pos_SA0023_QE2_HILIC_114,114,C:/Xcalibur/data/Brian_Yu/May_2022_HILIC,C:\Xcalibur\methods\Untargeted_DDA_HILIC_Pos,,,G:G3,2,0,0,0,,1,SA0023,,,,,,
Unknown,BRYU005_Neg_SA0023_QE2_HILIC_115,115,C:/Xcalibur/data/Brian_Yu/May_2022_HILIC,C:\Xcalibur\methods\Untargeted_DDA_HILIC_Neg,,,G:G3,2,0,0,0,,1,SA0023,,,,,,
Unknown,BRYU005_Pos_SA0042_QE2_HILIC_116,116,C:/Xcalibur/data/Brian_Yu/May_2022_HILIC,C:\Xcalibur\methods\Untargeted_DDA_HILIC_Pos,,,G:B6,2,0,0,0,,1,SA0042,,,,,,
Unknown,BRYU005_Neg_SA0042_QE2_HILIC_117,117,C:/Xcalibur/data/Brian_Yu/May_2022_HILIC,C:\Xcalibur\methods\Untargeted_DDA_HILIC_Neg,,,G:B6,2,0,0,0,,1,SA0042,,,,,,
Unknown,BRYU005_Pos_SA0071_QE2_HILIC_118,118,C:/Xcalibur/data/Brian_Yu/May_2022_HILIC,C:\Xcalibur\methods\Untargeted_DDA_HILIC_Pos,,,G:G9,2,0,0,0,,1,SA0071,,,,,,
Unknown,BRYU005_Neg_SA0071_QE2_HILIC_119,119,C:/Xcalibur/data/Brian_Yu/May_2022_HILIC,C:\Xcalibur\methods\Untargeted_DDA_HILIC_Neg,,,G:G9,2,0,0,0,,1,SA0071,,,,,,
Unknown,BRYU005_Pos_SA0040_QE2_HILIC_120,120,C:/Xcalibur/data/Brian_Yu/May_2022_HILIC,C:\Xcalibur\methods\Untargeted_DDA_HILIC_Pos,,,G:H5,2,0,0,0,,1,SA0040,,,,,,
Unknown,BRYU005_Neg_SA0040_QE2_HILIC_121,121,C:/Xcalibur/data/Brian_Yu/May_2022_HILIC,C:\Xcalibur\methods\Untargeted_DDA_HILIC_Neg,,,G:H5,2,0,0,0,,1,SA0040,,,,,,
Unknown,BRYU005_Pos_SA0020_QE2_HILIC_122,122,C:/Xcalibur/data/Brian_Yu/May_2022_HILIC,C:\Xcalibur\methods\Untargeted_DDA_HILIC_Pos,,,G:D3,2,0,0,0,,1,SA0020,,,,,,
Unknown,BRYU005_Neg_SA0020_QE2_HILIC_123,123,C:/Xcalibur/data/Brian_Yu/May_2022_HILIC,C:\Xcalibur\methods\Untargeted_DDA_HILIC_Neg,,,G:D3,2,0,0,0,,1,SA0020,,,,,,
Unknown,BRYU005_Pos_SA0029_QE2_HILIC_124,124,C:/Xcalibur/data/Brian_Yu/May_2022_HILIC,C:\Xcalibur\methods\Untargeted_DDA_HILIC_Pos,,,G:E4,2,0,0,0,,1,SA0029,,,,,,
Unknown,BRYU005_Neg_SA0029_QE2_HILIC_125,125,C:/Xcalibur/data/Brian_Yu/May_2022_HILIC,C:\Xcalibur\methods\Untargeted_DDA_HILIC_Neg,,,G:E4,2,0,0,0,,1,SA0029,,,,,,
Unknown,BRYU005_BK_Pos_QE2_HILIC_126,126,C:/Xcalibur/data/Brian_Yu/May_2022_HILIC,C:\Xcalibur\methods\Untargeted_DDA_HILIC_Pos,,,R:A6,2,0,0,0,,1,,,,,,,
Unknown,BRYU005_BK_Neg_QE2_HILIC_127,127,C:/Xcalibur/data/Brian_Yu/May_2022_HILIC,C:\Xcalibur\methods\Untargeted_DDA_HILIC_Neg,,,R:A6,2,0,0,0,,1,,,,,,,
Unknown,BRYU005_QC_6_Pos_QE2_HILIC_128,128,C:/Xcalibur/data/Brian_Yu/May_2022_HILIC,C:\Xcalibur\methods\Untargeted_DDA_HILIC_Pos,,,R:E6,2,0,0,0,,1,,,,,,,
Unknown,BRYU005_QC_6_Neg_QE2_HILIC_129,129,C:/Xcalibur/data/Brian_Yu/May_2022_HILIC,C:\Xcalibur\methods\Untargeted_DDA_HILIC_Neg,,,R:E6,2,0,0,0,,1,,,,,,,
Unknown,BRYU005_Pos_SA0065_QE2_HILIC_130,130,C:/Xcalibur/data/Brian_Yu/May_2022_HILIC,C:\Xcalibur\methods\Untargeted_DDA_HILIC_Pos,,,G:A9,2,0,0,0,,1,SA0065,,,,,,
Unknown,BRYU005_Neg_SA0065_QE2_HILIC_131,131,C:/Xcalibur/data/Brian_Yu/May_2022_HILIC,C:\Xcalibur\methods\Untargeted_DDA_HILIC_Neg,,,G:A9,2,0,0,0,,1,SA0065,,,,,,
Unknown,BRYU005_Pos_SA0024_QE2_HILIC_132,132,C:/Xcalibur/data/Brian_Yu/May_2022_HILIC,C:\Xcalibur\methods\Untargeted_DDA_HILIC_Pos,,,G:H3,2,0,0,0,,1,SA0024,,,,,,
Unknown,BRYU005_Neg_SA0024_QE2_HILIC_133,133,C:/Xcalibur/data/Brian_Yu/May_2022_HILIC,C:\Xcalibur\methods\Untargeted_DDA_HILIC_Neg,,,G:H3,2,0,0,0,,1,SA0024,,,,,,
Unknown,BRYU005_Pos_SA0028_QE2_HILIC_134,134,C:/Xcalibur/data/Brian_Yu/May_2022_HILIC,C:\Xcalibur\methods\Untargeted_DDA_HILIC_Pos,,,G:D4,2,0,0,0,,1,SA0028,,,,,,
Unknown,BRYU005_Neg_SA0028_QE2_HILIC_135,135,C:/Xcalibur/data/Brian_Yu/May_2022_HILIC,C:\Xcalibur\methods\Untargeted_DDA_HILIC_Neg,,,G:D4,2,0,0,0,,1,SA0028,,,,,,
Unknown,BRYU005_Pos_SA0053_QE2_HILIC_136,136,C:/Xcalibur/data/Brian_Yu/May_2022_HILIC,C:\Xcalibur\methods\Untargeted_DDA_HILIC_Pos,,,G:E7,2,0,0,0,,1,SA0053,,,,,,
Unknown,BRYU005_Neg_SA0053_QE2_HILIC_137,137,C:/Xcalibur/data/Brian_Yu/May_2022_HILIC,C:\Xcalibur\methods\Untargeted_DDA_HILIC_Neg,,,G:E7,2,0,0,0,,1,SA0053,,,,,,
Unknown,BRYU005_Pos_SA0001_QE2_HILIC_138,138,C:/Xcalibur/data/Brian_Yu/May_2022_HILIC,C:\Xcalibur\methods\Untargeted_DDA_HILIC_Pos,,,G:A1,2,0,0,0,,1,SA0001,,,,,,
Unknown,BRYU005_Neg_SA0001_QE2_HILIC_139,139,C:/Xcalibur/data/Brian_Yu/May_2022_HILIC,C:\Xcalibur\methods\Untargeted_DDA_HILIC_Neg,,,G:A1,2,0,0,0,,1,SA0001,,,,,,
Unknown,BRYU005_Pos_SA0017_QE2_HILIC_140,140,C:/Xcalibur/data/Brian_Yu/May_2022_HILIC,C:\Xcalibur\methods\Untargeted_DDA_HILIC_Pos,,,G:A3,2,0,0,0,,1,SA0017,,,,,,
Unknown,BRYU005_Neg_SA0017_QE2_HILIC_141,141,C:/Xcalibur/data/Brian_Yu/May_2022_HILIC,C:\Xcalibur\methods\Untargeted_DDA_HILIC_Neg,,,G:A3,2,0,0,0,,1,SA0017,,,,,,
Unknown,BRYU005_Pos_SA0048_QE2_HILIC_142,142,C:/Xcalibur/data/Brian_Yu/May_2022_HILIC,C:\Xcalibur\methods\Untargeted_DDA_HILIC_Pos,,,G:H6,2,0,0,0,,1,SA0048,,,,,,
Unknown,BRYU005_Neg_SA0048_QE2_HILIC_143,143,C:/Xcalibur/data/Brian_Yu/May_2022_HILIC,C:\Xcalibur\methods\Untargeted_DDA_HILIC_Neg,,,G:H6,2,0,0,0,,1,SA0048,,,,,,
Unknown,BRYU005_Pos_SA0056_QE2_HILIC_144,144,C:/Xcalibur/data/Brian_Yu/May_2022_HILIC,C:\Xcalibur\methods\Untargeted_DDA_HILIC_Pos,,,G:H7,2,0,0,0,,1,SA0056,,,,,,
Unknown,BRYU005_Neg_SA0056_QE2_HILIC_145,145,C:/Xcalibur/data/Brian_Yu/May_2022_HILIC,C:\Xcalibur\methods\Untargeted_DDA_HILIC_Neg,,,G:H7,2,0,0,0,,1,SA0056,,,,,,
Unknown,BRYU005_Pos_SA0047_QE2_HILIC_146,146,C:/Xcalibur/data/Brian_Yu/May_2022_HILIC,C:\Xcalibur\methods\Untargeted_DDA_HILIC_Pos,,,G:G6,2,0,0,0,,1,SA0047,,,,,,
Unknown,BRYU005_Neg_SA0047_QE2_HILIC_147,147,C:/Xcalibur/data/Brian_Yu/May_2022_HILIC,C:\Xcalibur\methods\Untargeted_DDA_HILIC_Neg,,,G:G6,2,0,0,0,,1,SA0047,,,,,,
Unknown,BRYU005_Pos_SA0055_QE2_HILIC_148,148,C:/Xcalibur/data/Brian_Yu/May_2022_HILIC,C:\Xcalibur\methods\Untargeted_DDA_HILIC_Pos,,,G:G7,2,0,0,0,,1,SA0055,,,,,,
Unknown,BRYU005_Neg_SA0055_QE2_HILIC_149,149,C:/Xcalibur/data/Brian_Yu/May_2022_HILIC,C:\Xcalibur\methods\Untargeted_DDA_HILIC_Neg,,,G:G7,2,0,0,0,,1,SA0055,,,,,,
Unknown,BRYU005_BK_Pos_QE2_HILIC_150,150,C:/Xcalibur/data/Brian_Yu/May_2022_HILIC,C:\Xcalibur\methods\Untargeted_DDA_HILIC_Pos,,,R:A7,2,0,0,0,,1,,,,,,,
Unknown,BRYU005_BK_Neg_QE2_HILIC_151,151,C:/Xcalibur/data/Brian_Yu/May_2022_HILIC,C:\Xcalibur\methods\Untargeted_DDA_HILIC_Neg,,,R:A7,2,0,0,0,,1,,,,,,,
Unknown,BRYU005_QC_7_Pos_QE2_HILIC_152,152,C:/Xcalibur/data/Brian_Yu/May_2022_HILIC,C:\Xcalibur\methods\Untargeted_DDA_HILIC_Pos,,,R:E7,2,0,0,0,,1,,,,,,,
Unknown,BRYU005_QC_7_Neg_QE2_HILIC_153,153,C:/Xcalibur/data/Brian_Yu/May_2022_HILIC,C:\Xcalibur\methods\Untargeted_DDA_HILIC_Neg,,,R:E7,2,0,0,0,,1,,,,,,,
Unknown,BRYU005_Pos_SA0013_QE2_HILIC_154,154,C:/Xcalibur/data/Brian_Yu/May_2022_HILIC,C:\Xcalibur\methods\Untargeted_DDA_HILIC_Pos,,,G:E2,2,0,0,0,,1,SA0013,,,,,,
Unknown,BRYU005_Neg_SA0013_QE2_HILIC_155,155,C:/Xcalibur/data/Brian_Yu/May_2022_HILIC,C:\Xcalibur\methods\Untargeted_DDA_HILIC_Neg,,,G:E2,2,0,0,0,,1,SA0013,,,,,,
Unknown,BRYU005_Pos_SA0011_QE2_HILIC_156,156,C:/Xcalibur/data/Brian_Yu/May_2022_HILIC,C:\Xcalibur\methods\Untargeted_DDA_HILIC_Pos,,,G:C2,2,0,0,0,,1,SA0011,,,,,,
Unknown,BRYU005_Neg_SA0011_QE2_HILIC_157,157,C:/Xcalibur/data/Brian_Yu/May_2022_HILIC,C:\Xcalibur\methods\Untargeted_DDA_HILIC_Neg,,,G:C2,2,0,0,0,,1,SA0011,,,,,,
Unknown,BRYU005_Pos_SA0038_QE2_HILIC_158,158,C:/Xcalibur/data/Brian_Yu/May_2022_HILIC,C:\Xcalibur\methods\Untargeted_DDA_HILIC_Pos,,,G:F5,2,0,0,0,,1,SA0038,,,,,,
Unknown,BRYU005_Neg_SA0038_QE2_HILIC_159,159,C:/Xcalibur/data/Brian_Yu/May_2022_HILIC,C:\Xcalibur\methods\Untargeted_DDA_HILIC_Neg,,,G:F5,2,0,0,0,,1,SA0038,,,,,,
Unknown,BRYU005_Pos_SA0009_QE2_HILIC_160,160,C:/Xcalibur/data/Brian_Yu/May_2022_HILIC,C:\Xcalibur\methods\Untargeted_DDA_HILIC_Pos,,,G:A2,2,0,0,0,,1,SA0009,,,,,,
Unknown,BRYU005_Neg_SA0009_QE2_HILIC_161,161,C:/Xcalibur/data/Brian_Yu/May_2022_HILIC,C:\Xcalibur\methods\Untargeted_DDA_HILIC_Neg,,,G:A2,2,0,0,0,,1,SA0009,,,,,,
Unknown,BRYU005_Pos_SA0052_QE2_HILIC_162,162,C:/Xcalibur/data/Brian_Yu/May_2022_HILIC,C:\Xcalibur\methods\Untargeted_DDA_HILIC_Pos,,,G:D7,2,0,0,0,,1,SA0052,,,,,,
Unknown,BRYU005_Neg_SA0052_QE2_HILIC_163,163,C:/Xcalibur/data/Brian_Yu/May_2022_HILIC,C:\Xcalibur\methods\Untargeted_DDA_HILIC_Neg,,,G:D7,2,0,0,0,,1,SA0052,,,,,,
Unknown,BRYU005_Pos_SA0063_QE2_HILIC_164,164,C:/Xcalibur/data/Brian_Yu/May_2022_HILIC,C:\Xcalibur\methods\Untargeted_DDA_HILIC_Pos,,,G:G8,2,0,0,0,,1,SA0063,,,,,,
Unknown,BRYU005_Neg_SA0063_QE2_HILIC_165,165,C:/Xcalibur/data/Brian_Yu/May_2022_HILIC,C:\Xcalibur\methods\Untargeted_DDA_HILIC_Neg,,,G:G8,2,0,0,0,,1,SA0063,,,,,,
Unknown,BRYU005_Pos_SA0034_QE2_HILIC_166,166,C:/Xcalibur/data/Brian_Yu/May_2022_HILIC,C:\Xcalibur\methods\Untargeted_DDA_HILIC_Pos,,,G:B5,2,0,0,0,,1,SA0034,,,,,,
Unknown,BRYU005_Neg_SA0034_QE2_HILIC_167,167,C:/Xcalibur/data/Brian_Yu/May_2022_HILIC,C:\Xcalibur\methods\Untargeted_DDA_HILIC_Neg,,,G:B5,2,0,0,0,,1,SA0034,,,,,,
Unknown,BRYU005_Pos_SA0072_QE2_HILIC_168,168,C:/Xcalibur/data/Brian_Yu/May_2022_HILIC,C:\Xcalibur\methods\Untargeted_DDA_HILIC_Pos,,,G:H9,2,0,0,0,,1,SA0072,,,,,,
Unknown,BRYU005_Neg_SA0072_QE2_HILIC_169,169,C:/Xcalibur/data/Brian_Yu/May_2022_HILIC,C:\Xcalibur\methods\Untargeted_DDA_HILIC_Neg,,,G:H9,2,0,0,0,,1,SA0072,,,,,,
Unknown,BRYU005_Pos_SA0018_QE2_HILIC_170,170,C:/Xcalibur/data/Brian_Yu/May_2022_HILIC,C:\Xcalibur\methods\Untargeted_DDA_HILIC_Pos,,,G:B3,2,0,0,0,,1,SA0018,,,,,,
Unknown,BRYU005_Neg_SA0018_QE2_HILIC_171,171,C:/Xcalibur/data/Brian_Yu/May_2022_HILIC,C:\Xcalibur\methods\Untargeted_DDA_HILIC_Neg,,,G:B3,2,0,0,0,,1,SA0018,,,,,,
Unknown,BRYU005_Pos_SA0027_QE2_HILIC_172,172,C:/Xcalibur/data/Brian_Yu/May_2022_HILIC,C:\Xcalibur\methods\Untargeted_DDA_HILIC_Pos,,,G:C4,2,0,0,0,,1,SA0027,,,,,,
Unknown,BRYU005_Neg_SA0027_QE2_HILIC_173,173,C:/Xcalibur/data/Brian_Yu/May_2022_HILIC,C:\Xcalibur\methods\Untargeted_DDA_HILIC_Neg,,,G:C4,2,0,0,0,,1,SA0027,,,,,,
Unknown,BRYU005_BK_Pos_QE2_HILIC_174,174,C:/Xcalibur/data/Brian_Yu/May_2022_HILIC,C:\Xcalibur\methods\Untargeted_DDA_HILIC_Pos,,,R:A8,2,0,0,0,,1,,,,,,,
Unknown,BRYU005_BK_Neg_QE2_HILIC_175,175,C:/Xcalibur/data/Brian_Yu/May_2022_HILIC,C:\Xcalibur\methods\Untargeted_DDA_HILIC_Neg,,,R:A8,2,0,0,0,,1,,,,,,,
Unknown,BRYU005_QC_8_Pos_QE2_HILIC_176,176,C:/Xcalibur/data/Brian_Yu/May_2022_HILIC,C:\Xcalibur\methods\Untargeted_DDA_HILIC_Pos,,,R:E8,2,0,0,0,,1,,,,,,,
Unknown,BRYU005_QC_8_Neg_QE2_HILIC_177,177,C:/Xcalibur/data/Brian_Yu/May_2022_HILIC,C:\Xcalibur\methods\Untargeted_DDA_HILIC_Neg,,,R:E8,2,0,0,0,,1,,,,,,,
Unknown,BRYU005_Pos_SA0049_QE2_HILIC_178,178,C:/Xcalibur/data/Brian_Yu/May_2022_HILIC,C:\Xcalibur\methods\Untargeted_DDA_HILIC_Pos,,,G:A7,2,0,0,0,,1,SA0049,,,,,,
Unknown,BRYU005_Neg_SA0049_QE2_HILIC_179,179,C:/Xcalibur/data/Brian_Yu/May_2022_HILIC,C:\Xcalibur\methods\Untargeted_DDA_HILIC_Neg,,,G:A7,2,0,0,0,,1,SA0049,,,,,,
Unknown,BRYU005_Pos_SA0050_QE2_HILIC_180,180,C:/Xcalibur/data/Brian_Yu/May_2022_HILIC,C:\Xcalibur\methods\Untargeted_DDA_HILIC_Pos,,,G:B7,2,0,0,0,,1,SA0050,,,,,,
Unknown,BRYU005_Neg_SA0050_QE2_HILIC_181,181,C:/Xcalibur/data/Brian_Yu/May_2022_HILIC,C:\Xcalibur\methods\Untargeted_DDA_HILIC_Neg,,,G:B7,2,0,0,0,,1,SA0050,,,,,,
Unknown,BRYU005_Pos_SA0082_QE2_HILIC_182,182,C:/Xcalibur/data/Brian_Yu/May_2022_HILIC,C:\Xcalibur\methods\Untargeted_DDA_HILIC_Pos,,,B:B2,2,0,0,0,,1,SA0082,,,,,,
Unknown,BRYU005_Neg_SA0082_QE2_HILIC_183,183,C:/Xcalibur/data/Brian_Yu/May_2022_HILIC,C:\Xcalibur\methods\Untargeted_DDA_HILIC_Neg,,,B:B2,2,0,0,0,,1,SA0082,,,,,,
Unknown,BRYU005_Pos_SA0115_QE2_HILIC_184,184,C:/Xcalibur/data/Brian_Yu/May_2022_HILIC,C:\Xcalibur\methods\Untargeted_DDA_HILIC_Pos,,,B:C6,2,0,0,0,,1,SA0115,,,,,,
Unknown,BRYU005_Neg_SA0115_QE2_HILIC_185,185,C:/Xcalibur/data/Brian_Yu/May_2022_HILIC,C:\Xcalibur\methods\Untargeted_DDA_HILIC_Neg,,,B:C6,2,0,0,0,,1,SA0115,,,,,,
Unknown,BRYU005_Pos_SA0135_QE2_HILIC_186,186,C:/Xcalibur/data/Brian_Yu/May_2022_HILIC,C:\Xcalibur\methods\Untargeted_DDA_HILIC_Pos,,,B:G8,2,0,0,0,,1,SA0135,,,,,,
Unknown,BRYU005_Neg_SA0135_QE2_HILIC_187,187,C:/Xcalibur/data/Brian_Yu/May_2022_HILIC,C:\Xcalibur\methods\Untargeted_DDA_HILIC_Neg,,,B:G8,2,0,0,0,,1,SA0135,,,,,,
Unknown,BRYU005_Pos_SA0116_QE2_HILIC_188,188,C:/Xcalibur/data/Brian_Yu/May_2022_HILIC,C:\Xcalibur\methods\Untargeted_DDA_HILIC_Pos,,,B:D6,2,0,0,0,,1,SA0116,,,,,,
Unknown,BRYU005_Neg_SA0116_QE2_HILIC_189,189,C:/Xcalibur/data/Brian_Yu/May_2022_HILIC,C:\Xcalibur\methods\Untargeted_DDA_HILIC_Neg,,,B:D6,2,0,0,0,,1,SA0116,,,,,,
Unknown,BRYU005_Pos_SA0084_QE2_HILIC_190,190,C:/Xcalibur/data/Brian_Yu/May_2022_HILIC,C:\Xcalibur\methods\Untargeted_DDA_HILIC_Pos,,,B:D2,2,0,0,0,,1,SA0084,,,,,,
Unknown,BRYU005_Neg_SA0084_QE2_HILIC_191,191,C:/Xcalibur/data/Brian_Yu/May_2022_HILIC,C:\Xcalibur\methods\Untargeted_DDA_HILIC_Neg,,,B:D2,2,0,0,0,,1,SA0084,,,,,,
Unknown,BRYU005_Pos_SA0137_QE2_HILIC_192,192,C:/Xcalibur/data/Brian_Yu/May_2022_HILIC,C:\Xcalibur\methods\Untargeted_DDA_HILIC_Pos,,,B:A9,2,0,0,0,,1,SA0137,,,,,,
Unknown,BRYU005_Neg_SA0137_QE2_HILIC_193,193,C:/Xcalibur/data/Brian_Yu/May_2022_HILIC,C:\Xcalibur\methods\Untargeted_DDA_HILIC_Neg,,,B:A9,2,0,0,0,,1,SA0137,,,,,,
Unknown,BRYU005_Pos_SA0080_QE2_HILIC_194,194,C:/Xcalibur/data/Brian_Yu/May_2022_HILIC,C:\Xcalibur\methods\Untargeted_DDA_HILIC_Pos,,,B:H1,2,0,0,0,,1,SA0080,,,,,,
Unknown,BRYU005_Neg_SA0080_QE2_HILIC_195,195,C:/Xcalibur/data/Brian_Yu/May_2022_HILIC,C:\Xcalibur\methods\Untargeted_DDA_HILIC_Neg,,,B:H1,2,0,0,0,,1,SA0080,,,,,,
Unknown,BRYU005_Pos_SA0106_QE2_HILIC_196,196,C:/Xcalibur/data/Brian_Yu/May_2022_HILIC,C:\Xcalibur\methods\Untargeted_DDA_HILIC_Pos,,,B:B5,2,0,0,0,,1,SA0106,,,,,,
Unknown,BRYU005_Neg_SA0106_QE2_HILIC_197,197,C:/Xcalibur/data/Brian_Yu/May_2022_HILIC,C:\Xcalibur\methods\Untargeted_DDA_HILIC_Neg,,,B:B5,2,0,0,0,,1,SA0106,,,,,,
Unknown,BRYU005_BK_Pos_QE2_HILIC_198,198,C:/Xcalibur/data/Brian_Yu/May_2022_HILIC,C:\Xcalibur\methods\Untargeted_DDA_HILIC_Pos,,,R:A9,2,0,0,0,,1,,,,,,,
Unknown,BRYU005_BK_Neg_QE2_HILIC_199,199,C:/Xcalibur/data/Brian_Yu/May_2022_HILIC,C:\Xcalibur\methods\Untargeted_DDA_HILIC_Neg,,,R:A9,2,0,0,0,,1,,,,,,,
Unknown,BRYU005_QC_9_Pos_QE2_HILIC_200,200,C:/Xcalibur/data/Brian_Yu/May_2022_HILIC,C:\Xcalibur\methods\Untargeted_DDA_HILIC_Pos,,,R:E9,2,0,0,0,,1,,,,,,,
Unknown,BRYU005_QC_9_Neg_QE2_HILIC_201,201,C:/Xcalibur/data/Brian_Yu/May_2022_HILIC,C:\Xcalibur\methods\Untargeted_DDA_HILIC_Neg,,,R:E9,2,0,0,0,,1,,,,,,,
Unknown,BRYU005_Pos_SA0136_QE2_HILIC_202,202,C:/Xcalibur/data/Brian_Yu/May_2022_HILIC,C:\Xcalibur\methods\Untargeted_DDA_HILIC_Pos,,,B:H8,2,0,0,0,,1,SA0136,,,,,,
Unknown,BRYU005_Neg_SA0136_QE2_HILIC_203,203,C:/Xcalibur/data/Brian_Yu/May_2022_HILIC,C:\Xcalibur\methods\Untargeted_DDA_HILIC_Neg,,,B:H8,2,0,0,0,,1,SA0136,,,,,,
Unknown,BRYU005_Pos_SA0109_QE2_HILIC_204,204,C:/Xcalibur/data/Brian_Yu/May_2022_HILIC,C:\Xcalibur\methods\Untargeted_DDA_HILIC_Pos,,,B:E5,2,0,0,0,,1,SA0109,,,,,,
Unknown,BRYU005_Neg_SA0109_QE2_HILIC_205,205,C:/Xcalibur/data/Brian_Yu/May_2022_HILIC,C:\Xcalibur\methods\Untargeted_DDA_HILIC_Neg,,,B:E5,2,0,0,0,,1,SA0109,,,,,,
Unknown,BRYU005_Pos_SA0139_QE2_HILIC_206,206,C:/Xcalibur/data/Brian_Yu/May_2022_HILIC,C:\Xcalibur\methods\Untargeted_DDA_HILIC_Pos,,,B:C9,2,0,0,0,,1,SA0139,,,,,,
Unknown,BRYU005_Neg_SA0139_QE2_HILIC_207,207,C:/Xcalibur/data/Brian_Yu/May_2022_HILIC,C:\Xcalibur\methods\Untargeted_DDA_HILIC_Neg,,,B:C9,2,0,0,0,,1,SA0139,,,,,,
Unknown,BRYU005_Pos_SA0108_QE2_HILIC_208,208,C:/Xcalibur/data/Brian_Yu/May_2022_HILIC,C:\Xcalibur\methods\Untargeted_DDA_HILIC_Pos,,,B:D5,2,0,0,0,,1,SA0108,,,,,,
Unknown,BRYU005_Neg_SA0108_QE2_HILIC_209,209,C:/Xcalibur/data/Brian_Yu/May_2022_HILIC,C:\Xcalibur\methods\Untargeted_DDA_HILIC_Neg,,,B:D5,2,0,0,0,,1,SA0108,,,,,,
Unknown,BRYU005_Pos_SA0083_QE2_HILIC_210,210,C:/Xcalibur/data/Brian_Yu/May_2022_HILIC,C:\Xcalibur\methods\Untargeted_DDA_HILIC_Pos,,,B:C2,2,0,0,0,,1,SA0083,,,,,,
Unknown,BRYU005_Neg_SA0083_QE2_HILIC_211,211,C:/Xcalibur/data/Brian_Yu/May_2022_HILIC,C:\Xcalibur\methods\Untargeted_DDA_HILIC_Neg,,,B:C2,2,0,0,0,,1,SA0083,,,,,,
Unknown,BRYU005_Pos_SA0140_QE2_HILIC_212,212,C:/Xcalibur/data/Brian_Yu/May_2022_HILIC,C:\Xcalibur\methods\Untargeted_DDA_HILIC_Pos,,,B:D9,2,0,0,0,,1,SA0140,,,,,,
Unknown,BRYU005_Neg_SA0140_QE2_HILIC_213,213,C:/Xcalibur/data/Brian_Yu/May_2022_HILIC,C:\Xcalibur\methods\Untargeted_DDA_HILIC_Neg,,,B:D9,2,0,0,0,,1,SA0140,,,,,,
Unknown,BRYU005_Pos_SA0124_QE2_HILIC_214,214,C:/Xcalibur/data/Brian_Yu/May_2022_HILIC,C:\Xcalibur\methods\Untargeted_DDA_HILIC_Pos,,,B:D7,2,0,0,0,,1,SA0124,,,,,,
Unknown,BRYU005_Neg_SA0124_QE2_HILIC_215,215,C:/Xcalibur/data/Brian_Yu/May_2022_HILIC,C:\Xcalibur\methods\Untargeted_DDA_HILIC_Neg,,,B:D7,2,0,0,0,,1,SA0124,,,,,,
Unknown,BRYU005_Pos_SA0122_QE2_HILIC_216,216,C:/Xcalibur/data/Brian_Yu/May_2022_HILIC,C:\Xcalibur\methods\Untargeted_DDA_HILIC_Pos,,,B:B7,2,0,0,0,,1,SA0122,,,,,,
Unknown,BRYU005_Neg_SA0122_QE2_HILIC_217,217,C:/Xcalibur/data/Brian_Yu/May_2022_HILIC,C:\Xcalibur\methods\Untargeted_DDA_HILIC_Neg,,,B:B7,2,0,0,0,,1,SA0122,,,,,,
Unknown,BRYU005_Pos_SA0073_QE2_HILIC_218,218,C:/Xcalibur/data/Brian_Yu/May_2022_HILIC,C:\Xcalibur\methods\Untargeted_DDA_HILIC_Pos,,,B:A1,2,0,0,0,,1,SA0073,,,,,,
Unknown,BRYU005_Neg_SA0073_QE2_HILIC_219,219,C:/Xcalibur/data/Brian_Yu/May_2022_HILIC,C:\Xcalibur\methods\Untargeted_DDA_HILIC_Neg,,,B:A1,2,0,0,0,,1,SA0073,,,,,,
Unknown,BRYU005_Pos_SA0118_QE2_HILIC_220,220,C:/Xcalibur/data/Brian_Yu/May_2022_HILIC,C:\Xcalibur\methods\Untargeted_DDA_HILIC_Pos,,,B:F6,2,0,0,0,,1,SA0118,,,,,,
Unknown,BRYU005_Neg_SA0118_QE2_HILIC_221,221,C:/Xcalibur/data/Brian_Yu/May_2022_HILIC,C:\Xcalibur\methods\Untargeted_DDA_HILIC_Neg,,,B:F6,2,0,0,0,,1,SA0118,,,,,,
Unknown,BRYU005_BK_Pos_QE2_HILIC_222,222,C:/Xcalibur/data/Brian_Yu/May_2022_HILIC,C:\Xcalibur\methods\Untargeted_DDA_HILIC_Pos,,,R:A10,2,0,0,0,,1,,,,,,,
Unknown,BRYU005_BK_Neg_QE2_HILIC_223,223,C:/Xcalibur/data/Brian_Yu/May_2022_HILIC,C:\Xcalibur\methods\Untargeted_DDA_HILIC_Neg,,,R:A10,2,0,0,0,,1,,,,,,,
Unknown,BRYU005_QC_10_Pos_QE2_HILIC_224,224,C:/Xcalibur/data/Brian_Yu/May_2022_HILIC,C:\Xcalibur\methods\Untargeted_DDA_HILIC_Pos,,,R:E10,2,0,0,0,,1,,,,,,,
Unknown,BRYU005_QC_10_Neg_QE2_HILIC_225,225,C:/Xcalibur/data/Brian_Yu/May_2022_HILIC,C:\Xcalibur\methods\Untargeted_DDA_HILIC_Neg,,,R:E10,2,0,0,0,,1,,,,,,,
Unknown,BRYU005_Pos_SA0142_QE2_HILIC_226,226,C:/Xcalibur/data/Brian_Yu/May_2022_HILIC,C:\Xcalibur\methods\Untargeted_DDA_HILIC_Pos,,,B:F9,2,0,0,0,,1,SA0142,,,,,,
Unknown,BRYU005_Neg_SA0142_QE2_HILIC_227,227,C:/Xcalibur/data/Brian_Yu/May_2022_HILIC,C:\Xcalibur\methods\Untargeted_DDA_HILIC_Neg,,,B:F9,2,0,0,0,,1,SA0142,,,,,,
Unknown,BRYU005_Pos_SA0130_QE2_HILIC_228,228,C:/Xcalibur/data/Brian_Yu/May_2022_HILIC,C:\Xcalibur\methods\Untargeted_DDA_HILIC_Pos,,,B:B8,2,0,0,0,,1,SA0130,,,,,,
Unknown,BRYU005_Neg_SA0130_QE2_HILIC_229,229,C:/Xcalibur/data/Brian_Yu/May_2022_HILIC,C:\Xcalibur\methods\Untargeted_DDA_HILIC_Neg,,,B:B8,2,0,0,0,,1,SA0130,,,,,,
Unknown,BRYU005_Pos_SA0138_QE2_HILIC_230,230,C:/Xcalibur/data/Brian_Yu/May_2022_HILIC,C:\Xcalibur\methods\Untargeted_DDA_HILIC_Pos,,,B:B9,2,0,0,0,,1,SA0138,,,,,,
Unknown,BRYU005_Neg_SA0138_QE2_HILIC_231,231,C:/Xcalibur/data/Brian_Yu/May_2022_HILIC,C:\Xcalibur\methods\Untargeted_DDA_HILIC_Neg,,,B:B9,2,0,0,0,,1,SA0138,,,,,,
Unknown,BRYU005_Pos_SA0127_QE2_HILIC_232,232,C:/Xcalibur/data/Brian_Yu/May_2022_HILIC,C:\Xcalibur\methods\Untargeted_DDA_HILIC_Pos,,,B:G7,2,0,0,0,,1,SA0127,,,,,,
Unknown,BRYU005_Neg_SA0127_QE2_HILIC_233,233,C:/Xcalibur/data/Brian_Yu/May_2022_HILIC,C:\Xcalibur\methods\Untargeted_DDA_HILIC_Neg,,,B:G7,2,0,0,0,,1,SA0127,,,,,,
Unknown,BRYU005_Pos_SA0113_QE2_HILIC_234,234,C:/Xcalibur/data/Brian_Yu/May_2022_HILIC,C:\Xcalibur\methods\Untargeted_DDA_HILIC_Pos,,,B:A6,2,0,0,0,,1,SA0113,,,,,,
Unknown,BRYU005_Neg_SA0113_QE2_HILIC_235,235,C:/Xcalibur/data/Brian_Yu/May_2022_HILIC,C:\Xcalibur\methods\Untargeted_DDA_HILIC_Neg,,,B:A6,2,0,0,0,,1,SA0113,,,,,,
Unknown,BRYU005_Pos_SA0101_QE2_HILIC_236,236,C:/Xcalibur/data/Brian_Yu/May_2022_HILIC,C:\Xcalibur\methods\Untargeted_DDA_HILIC_Pos,,,B:E4,2,0,0,0,,1,SA0101,,,,,,
Unknown,BRYU005_Neg_SA0101_QE2_HILIC_237,237,C:/Xcalibur/data/Brian_Yu/May_2022_HILIC,C:\Xcalibur\methods\Untargeted_DDA_HILIC_Neg,,,B:E4,2,0,0,0,,1,SA0101,,,,,,
Unknown,BRYU005_Pos_SA0092_QE2_HILIC_238,238,C:/Xcalibur/data/Brian_Yu/May_2022_HILIC,C:\Xcalibur\methods\Untargeted_DDA_HILIC_Pos,,,B:D3,2,0,0,0,,1,SA0092,,,,,,
Unknown,BRYU005_Neg_SA0092_QE2_HILIC_239,239,C:/Xcalibur/data/Brian_Yu/May_2022_HILIC,C:\Xcalibur\methods\Untargeted_DDA_HILIC_Neg,,,B:D3,2,0,0,0,,1,SA0092,,,,,,
Unknown,BRYU005_Pos_SA0131_QE2_HILIC_240,240,C:/Xcalibur/data/Brian_Yu/May_2022_HILIC,C:\Xcalibur\methods\Untargeted_DDA_HILIC_Pos,,,B:C8,2,0,0,0,,1,SA0131,,,,,,
Unknown,BRYU005_Neg_SA0131_QE2_HILIC_241,241,C:/Xcalibur/data/Brian_Yu/May_2022_HILIC,C:\Xcalibur\methods\Untargeted_DDA_HILIC_Neg,,,B:C8,2,0,0,0,,1,SA0131,,,,,,
Unknown,BRYU005_Pos_SA0104_QE2_HILIC_242,242,C:/Xcalibur/data/Brian_Yu/May_2022_HILIC,C:\Xcalibur\methods\Untargeted_DDA_HILIC_Pos,,,B:H4,2,0,0,0,,1,SA0104,,,,,,
Unknown,BRYU005_Neg_SA0104_QE2_HILIC_243,243,C:/Xcalibur/data/Brian_Yu/May_2022_HILIC,C:\Xcalibur\methods\Untargeted_DDA_HILIC_Neg,,,B:H4,2,0,0,0,,1,SA0104,,,,,,
Unknown,BRYU005_Pos_SA0119_QE2_HILIC_244,244,C:/Xcalibur/data/Brian_Yu/May_2022_HILIC,C:\Xcalibur\methods\Untargeted_DDA_HILIC_Pos,,,B:G6,2,0,0,0,,1,SA0119,,,,,,
Unknown,BRYU005_Neg_SA0119_QE2_HILIC_245,245,C:/Xcalibur/data/Brian_Yu/May_2022_HILIC,C:\Xcalibur\methods\Untargeted_DDA_HILIC_Neg,,,B:G6,2,0,0,0,,1,SA0119,,,,,,
Unknown,BRYU005_BK_Pos_QE2_HILIC_246,246,C:/Xcalibur/data/Brian_Yu/May_2022_HILIC,C:\Xcalibur\methods\Untargeted_DDA_HILIC_Pos,,,R:A11,2,0,0,0,,1,,,,,,,
Unknown,BRYU005_BK_Neg_QE2_HILIC_247,247,C:/Xcalibur/data/Brian_Yu/May_2022_HILIC,C:\Xcalibur\methods\Untargeted_DDA_HILIC_Neg,,,R:A11,2,0,0,0,,1,,,,,,,
Unknown,BRYU005_QC_11_Pos_QE2_HILIC_248,248,C:/Xcalibur/data/Brian_Yu/May_2022_HILIC,C:\Xcalibur\methods\Untargeted_DDA_HILIC_Pos,,,R:E11,2,0,0,0,,1,,,,,,,
Unknown,BRYU005_QC_11_Neg_QE2_HILIC_249,249,C:/Xcalibur/data/Brian_Yu/May_2022_HILIC,C:\Xcalibur\methods\Untargeted_DDA_HILIC_Neg,,,R:E11,2,0,0,0,,1,,,,,,,
Unknown,BRYU005_Pos_SA0133_QE2_HILIC_250,250,C:/Xcalibur/data/Brian_Yu/May_2022_HILIC,C:\Xcalibur\methods\Untargeted_DDA_HILIC_Pos,,,B:E8,2,0,0,0,,1,SA0133,,,,,,
Unknown,BRYU005_Neg_SA0133_QE2_HILIC_251,251,C:/Xcalibur/data/Brian_Yu/May_2022_HILIC,C:\Xcalibur\methods\Untargeted_DDA_HILIC_Neg,,,B:E8,2,0,0,0,,1,SA0133,,,,,,
Unknown,BRYU005_Pos_SA0117_QE2_HILIC_252,252,C:/Xcalibur/data/Brian_Yu/May_2022_HILIC,C:\Xcalibur\methods\Untargeted_DDA_HILIC_Pos,,,B:E6,2,0,0,0,,1,SA0117,,,,,,
Unknown,BRYU005_Neg_SA0117_QE2_HILIC_253,253,C:/Xcalibur/data/Brian_Yu/May_2022_HILIC,C:\Xcalibur\methods\Untargeted_DDA_HILIC_Neg,,,B:E6,2,0,0,0,,1,SA0117,,,,,,
Unknown,BRYU005_Pos_SA0129_QE2_HILIC_254,254,C:/Xcalibur/data/Brian_Yu/May_2022_HILIC,C:\Xcalibur\methods\Untargeted_DDA_HILIC_Pos,,,B:A8,2,0,0,0,,1,SA0129,,,,,,
Unknown,BRYU005_Neg_SA0129_QE2_HILIC_255,255,C:/Xcalibur/data/Brian_Yu/May_2022_HILIC,C:\Xcalibur\methods\Untargeted_DDA_HILIC_Neg,,,B:A8,2,0,0,0,,1,SA0129,,,,,,
Unknown,BRYU005_Pos_SA0079_QE2_HILIC_256,256,C:/Xcalibur/data/Brian_Yu/May_2022_HILIC,C:\Xcalibur\methods\Untargeted_DDA_HILIC_Pos,,,B:G1,2,0,0,0,,1,SA0079,,,,,,
Unknown,BRYU005_Neg_SA0079_QE2_HILIC_257,257,C:/Xcalibur/data/Brian_Yu/May_2022_HILIC,C:\Xcalibur\methods\Untargeted_DDA_HILIC_Neg,,,B:G1,2,0,0,0,,1,SA0079,,,,,,
Unknown,BRYU005_Pos_SA0091_QE2_HILIC_258,258,C:/Xcalibur/data/Brian_Yu/May_2022_HILIC,C:\Xcalibur\methods\Untargeted_DDA_HILIC_Pos,,,B:C3,2,0,0,0,,1,SA0091,,,,,,
Unknown,BRYU005_Neg_SA0091_QE2_HILIC_259,259,C:/Xcalibur/data/Brian_Yu/May_2022_HILIC,C:\Xcalibur\methods\Untargeted_DDA_HILIC_Neg,,,B:C3,2,0,0,0,,1,SA0091,,,,,,
Unknown,BRYU005_Pos_SA0111_QE2_HILIC_260,260,C:/Xcalibur/data/Brian_Yu/May_2022_HILIC,C:\Xcalibur\methods\Untargeted_DDA_HILIC_Pos,,,B:G5,2,0,0,0,,1,SA0111,,,,,,
Unknown,BRYU005_Neg_SA0111_QE2_HILIC_261,261,C:/Xcalibur/data/Brian_Yu/May_2022_HILIC,C:\Xcalibur\methods\Untargeted_DDA_HILIC_Neg,,,B:G5,2,0,0,0,,1,SA0111,,,,,,
Unknown,BRYU005_Pos_SA0112_QE2_HILIC_262,262,C:/Xcalibur/data/Brian_Yu/May_2022_HILIC,C:\Xcalibur\methods\Untargeted_DDA_HILIC_Pos,,,B:H5,2,0,0,0,,1,SA0112,,,,,,
Unknown,BRYU005_Neg_SA0112_QE2_HILIC_263,263,C:/Xcalibur/data/Brian_Yu/May_2022_HILIC,C:\Xcalibur\methods\Untargeted_DDA_HILIC_Neg,,,B:H5,2,0,0,0,,1,SA0112,,,,,,
Unknown,BRYU005_Pos_SA0120_QE2_HILIC_264,264,C:/Xcalibur/data/Brian_Yu/May_2022_HILIC,C:\Xcalibur\methods\Untargeted_DDA_HILIC_Pos,,,B:H6,2,0,0,0,,1,SA0120,,,,,,
Unknown,BRYU005_Neg_SA0120_QE2_HILIC_265,265,C:/Xcalibur/data/Brian_Yu/May_2022_HILIC,C:\Xcalibur\methods\Untargeted_DDA_HILIC_Neg,,,B:H6,2,0,0,0,,1,SA0120,,,,,,
Unknown,BRYU005_Pos_SA0097_QE2_HILIC_266,266,C:/Xcalibur/data/Brian_Yu/May_2022_HILIC,C:\Xcalibur\methods\Untargeted_DDA_HILIC_Pos,,,B:A4,2,0,0,0,,1,SA0097,,,,,,
Unknown,BRYU005_Neg_SA0097_QE2_HILIC_267,267,C:/Xcalibur/data/Brian_Yu/May_2022_HILIC,C:\Xcalibur\methods\Untargeted_DDA_HILIC_Neg,,,B:A4,2,0,0,0,,1,SA0097,,,,,,
Unknown,BRYU005_Pos_SA0088_QE2_HILIC_268,268,C:/Xcalibur/data/Brian_Yu/May_2022_HILIC,C:\Xcalibur\methods\Untargeted_DDA_HILIC_Pos,,,B:H2,2,0,0,0,,1,SA0088,,,,,,
Unknown,BRYU005_Neg_SA0088_QE2_HILIC_269,269,C:/Xcalibur/data/Brian_Yu/May_2022_HILIC,C:\Xcalibur\methods\Untargeted_DDA_HILIC_Neg,,,B:H2,2,0,0,0,,1,SA0088,,,,,,
Unknown,BRYU005_BK_Pos_QE2_HILIC_270,270,C:/Xcalibur/data/Brian_Yu/May_2022_HILIC,C:\Xcalibur\methods\Untargeted_DDA_HILIC_Pos,,,R:A12,2,0,0,0,,1,,,,,,,
Unknown,BRYU005_BK_Neg_QE2_HILIC_271,271,C:/Xcalibur/data/Brian_Yu/May_2022_HILIC,C:\Xcalibur\methods\Untargeted_DDA_HILIC_Neg,,,R:A12,2,0,0,0,,1,,,,,,,
Unknown,BRYU005_QC_12_Pos_QE2_HILIC_272,272,C:/Xcalibur/data/Brian_Yu/May_2022_HILIC,C:\Xcalibur\methods\Untargeted_DDA_HILIC_Pos,,,R:E12,2,0,0,0,,1,,,,,,,
Unknown,BRYU005_QC_12_Neg_QE2_HILIC_273,273,C:/Xcalibur/data/Brian_Yu/May_2022_HILIC,C:\Xcalibur\methods\Untargeted_DDA_HILIC_Neg,,,R:E12,2,0,0,0,,1,,,,,,,
Unknown,BRYU005_Pos_SA0077_QE2_HILIC_274,274,C:/Xcalibur/data/Brian_Yu/May_2022_HILIC,C:\Xcalibur\methods\Untargeted_DDA_HILIC_Pos,,,B:E1,2,0,0,0,,1,SA0077,,,,,,
Unknown,BRYU005_Neg_SA0077_QE2_HILIC_275,275,C:/Xcalibur/data/Brian_Yu/May_2022_HILIC,C:\Xcalibur\methods\Untargeted_DDA_HILIC_Neg,,,B:E1,2,0,0,0,,1,SA0077,,,,,,
Unknown,BRYU005_Pos_SA0105_QE2_HILIC_276,276,C:/Xcalibur/data/Brian_Yu/May_2022_HILIC,C:\Xcalibur\methods\Untargeted_DDA_HILIC_Pos,,,B:A5,2,0,0,0,,1,SA0105,,,,,,
Unknown,BRYU005_Neg_SA0105_QE2_HILIC_277,277,C:/Xcalibur/data/Brian_Yu/May_2022_HILIC,C:\Xcalibur\methods\Untargeted_DDA_HILIC_Neg,,,B:A5,2,0,0,0,,1,SA0105,,,,,,
Unknown,BRYU005_Pos_SA0098_QE2_HILIC_278,278,C:/Xcalibur/data/Brian_Yu/May_2022_HILIC,C:\Xcalibur\methods\Untargeted_DDA_HILIC_Pos,,,B:B4,2,0,0,0,,1,SA0098,,,,,,
Unknown,BRYU005_Neg_SA0098_QE2_HILIC_279,279,C:/Xcalibur/data/Brian_Yu/May_2022_HILIC,C:\Xcalibur\methods\Untargeted_DDA_HILIC_Neg,,,B:B4,2,0,0,0,,1,SA0098,,,,,,
Unknown,BRYU005_Pos_SA0099_QE2_HILIC_280,280,C:/Xcalibur/data/Brian_Yu/May_2022_HILIC,C:\Xcalibur\methods\Untargeted_DDA_HILIC_Pos,,,B:C4,2,0,0,0,,1,SA0099,,,,,,
Unknown,BRYU005_Neg_SA0099_QE2_HILIC_281,281,C:/Xcalibur/data/Brian_Yu/May_2022_HILIC,C:\Xcalibur\methods\Untargeted_DDA_HILIC_Neg,,,B:C4,2,0,0,0,,1,SA0099,,,,,,
Unknown,BRYU005_Pos_SA0141_QE2_HILIC_282,282,C:/Xcalibur/data/Brian_Yu/May_2022_HILIC,C:\Xcalibur\methods\Untargeted_DDA_HILIC_Pos,,,B:E9,2,0,0,0,,1,SA0141,,,,,,
Unknown,BRYU005_Neg_SA0141_QE2_HILIC_283,283,C:/Xcalibur/data/Brian_Yu/May_2022_HILIC,C:\Xcalibur\methods\Untargeted_DDA_HILIC_Neg,,,B:E9,2,0,0,0,,1,SA0141,,,,,,
Unknown,BRYU005_Pos_SA0095_QE2_HILIC_284,284,C:/Xcalibur/data/Brian_Yu/May_2022_HILIC,C:\Xcalibur\methods\Untargeted_DDA_HILIC_Pos,,,B:G3,2,0,0,0,,1,SA0095,,,,,,
Unknown,BRYU005_Neg_SA0095_QE2_HILIC_285,285,C:/Xcalibur/data/Brian_Yu/May_2022_HILIC,C:\Xcalibur\methods\Untargeted_DDA_HILIC_Neg,,,B:G3,2,0,0,0,,1,SA0095,,,,,,
Unknown,BRYU005_Pos_SA0085_QE2_HILIC_286,286,C:/Xcalibur/data/Brian_Yu/May_2022_HILIC,C:\Xcalibur\methods\Untargeted_DDA_HILIC_Pos,,,B:E2,2,0,0,0,,1,SA0085,,,,,,
Unknown,BRYU005_Neg_SA0085_QE2_HILIC_287,287,C:/Xcalibur/data/Brian_Yu/May_2022_HILIC,C:\Xcalibur\methods\Untargeted_DDA_HILIC_Neg,,,B:E2,2,0,0,0,,1,SA0085,,,,,,
Unknown,BRYU005_Pos_SA0143_QE2_HILIC_288,288,C:/Xcalibur/data/Brian_Yu/May_2022_HILIC,C:\Xcalibur\methods\Untargeted_DDA_HILIC_Pos,,,B:G9,2,0,0,0,,1,SA0143,,,,,,
Unknown,BRYU005_Neg_SA0143_QE2_HILIC_289,289,C:/Xcalibur/data/Brian_Yu/May_2022_HILIC,C:\Xcalibur\methods\Untargeted_DDA_HILIC_Neg,,,B:G9,2,0,0,0,,1,SA0143,,,,,,
Unknown,BRYU005_Pos_SA0090_QE2_HILIC_290,290,C:/Xcalibur/data/Brian_Yu/May_2022_HILIC,C:\Xcalibur\methods\Untargeted_DDA_HILIC_Pos,,,B:B3,2,0,0,0,,1,SA0090,,,,,,
Unknown,BRYU005_Neg_SA0090_QE2_HILIC_291,291,C:/Xcalibur/data/Brian_Yu/May_2022_HILIC,C:\Xcalibur\methods\Untargeted_DDA_HILIC_Neg,,,B:B3,2,0,0,0,,1,SA0090,,,,,,
Unknown,BRYU005_Pos_SA0078_QE2_HILIC_292,292,C:/Xcalibur/data/Brian_Yu/May_2022_HILIC,C:\Xcalibur\methods\Untargeted_DDA_HILIC_Pos,,,B:F1,2,0,0,0,,1,SA0078,,,,,,
Unknown,BRYU005_Neg_SA0078_QE2_HILIC_293,293,C:/Xcalibur/data/Brian_Yu/May_2022_HILIC,C:\Xcalibur\methods\Untargeted_DDA_HILIC_Neg,,,B:F1,2,0,0,0,,1,SA0078,,,,,,
Unknown,BRYU005_BK_Pos_QE2_HILIC_294,294,C:/Xcalibur/data/Brian_Yu/May_2022_HILIC,C:\Xcalibur\methods\Untargeted_DDA_HILIC_Pos,,,R:B1,2,0,0,0,,1,,,,,,,
Unknown,BRYU005_BK_Neg_QE2_HILIC_295,295,C:/Xcalibur/data/Brian_Yu/May_2022_HILIC,C:\Xcalibur\methods\Untargeted_DDA_HILIC_Neg,,,R:B1,2,0,0,0,,1,,,,,,,
Unknown,BRYU005_QC_13_Pos_QE2_HILIC_296,296,C:/Xcalibur/data/Brian_Yu/May_2022_HILIC,C:\Xcalibur\methods\Untargeted_DDA_HILIC_Pos,,,R:F1,2,0,0,0,,1,,,,,,,
Unknown,BRYU005_QC_13_Neg_QE2_HILIC_297,297,C:/Xcalibur/data/Brian_Yu/May_2022_HILIC,C:\Xcalibur\methods\Untargeted_DDA_HILIC_Neg,,,R:F1,2,0,0,0,,1,,,,,,,
Unknown,BRYU005_Pos_SA0114_QE2_HILIC_298,298,C:/Xcalibur/data/Brian_Yu/May_2022_HILIC,C:\Xcalibur\methods\Untargeted_DDA_HILIC_Pos,,,B:B6,2,0,0,0,,1,SA0114,,,,,,
Unknown,BRYU005_Neg_SA0114_QE2_HILIC_299,299,C:/Xcalibur/data/Brian_Yu/May_2022_HILIC,C:\Xcalibur\methods\Untargeted_DDA_HILIC_Neg,,,B:B6,2,0,0,0,,1,SA0114,,,,,,
Unknown,BRYU005_Pos_SA0087_QE2_HILIC_300,300,C:/Xcalibur/data/Brian_Yu/May_2022_HILIC,C:\Xcalibur\methods\Untargeted_DDA_HILIC_Pos,,,B:G2,2,0,0,0,,1,SA0087,,,,,,
Unknown,BRYU005_Neg_SA0087_QE2_HILIC_301,301,C:/Xcalibur/data/Brian_Yu/May_2022_HILIC,C:\Xcalibur\methods\Untargeted_DDA_HILIC_Neg,,,B:G2,2,0,0,0,,1,SA0087,,,,,,
Unknown,BRYU005_Pos_SA0100_QE2_HILIC_302,302,C:/Xcalibur/data/Brian_Yu/May_2022_HILIC,C:\Xcalibur\methods\Untargeted_DDA_HILIC_Pos,,,B:D4,2,0,0,0,,1,SA0100,,,,,,
Unknown,BRYU005_Neg_SA0100_QE2_HILIC_303,303,C:/Xcalibur/data/Brian_Yu/May_2022_HILIC,C:\Xcalibur\methods\Untargeted_DDA_HILIC_Neg,,,B:D4,2,0,0,0,,1,SA0100,,,,,,
Unknown,BRYU005_Pos_SA0121_QE2_HILIC_304,304,C:/Xcalibur/data/Brian_Yu/May_2022_HILIC,C:\Xcalibur\methods\Untargeted_DDA_HILIC_Pos,,,B:A7,2,0,0,0,,1,SA0121,,,,,,
Unknown,BRYU005_Neg_SA0121_QE2_HILIC_305,305,C:/Xcalibur/data/Brian_Yu/May_2022_HILIC,C:\Xcalibur\methods\Untargeted_DDA_HILIC_Neg,,,B:A7,2,0,0,0,,1,SA0121,,,,,,
Unknown,BRYU005_Pos_SA0102_QE2_HILIC_306,306,C:/Xcalibur/data/Brian_Yu/May_2022_HILIC,C:\Xcalibur\methods\Untargeted_DDA_HILIC_Pos,,,B:F4,2,0,0,0,,1,SA0102,,,,,,
Unknown,BRYU005_Neg_SA0102_QE2_HILIC_307,307,C:/Xcalibur/data/Brian_Yu/May_2022_HILIC,C:\Xcalibur\methods\Untargeted_DDA_HILIC_Neg,,,B:F4,2,0,0,0,,1,SA0102,,,,,,
Unknown,BRYU005_Pos_SA0093_QE2_HILIC_308,308,C:/Xcalibur/data/Brian_Yu/May_2022_HILIC,C:\Xcalibur\methods\Untargeted_DDA_HILIC_Pos,,,B:E3,2,0,0,0,,1,SA0093,,,,,,
Unknown,BRYU005_Neg_SA0093_QE2_HILIC_309,309,C:/Xcalibur/data/Brian_Yu/May_2022_HILIC,C:\Xcalibur\methods\Untargeted_DDA_HILIC_Neg,,,B:E3,2,0,0,0,,1,SA0093,,,,,,
Unknown,BRYU005_Pos_SA0123_QE2_HILIC_310,310,C:/Xcalibur/data/Brian_Yu/May_2022_HILIC,C:\Xcalibur\methods\Untargeted_DDA_HILIC_Pos,,,B:C7,2,0,0,0,,1,SA0123,,,,,,
Unknown,BRYU005_Neg_SA0123_QE2_HILIC_311,311,C:/Xcalibur/data/Brian_Yu/May_2022_HILIC,C:\Xcalibur\methods\Untargeted_DDA_HILIC_Neg,,,B:C7,2,0,0,0,,1,SA0123,,,,,,
Unknown,BRYU005_Pos_SA0096_QE2_HILIC_312,312,C:/Xcalibur/data/Brian_Yu/May_2022_HILIC,C:\Xcalibur\methods\Untargeted_DDA_HILIC_Pos,,,B:H3,2,0,0,0,,1,SA0096,,,,,,
Unknown,BRYU005_Neg_SA0096_QE2_HILIC_313,313,C:/Xcalibur/data/Brian_Yu/May_2022_HILIC,C:\Xcalibur\methods\Untargeted_DDA_HILIC_Neg,,,B:H3,2,0,0,0,,1,SA0096,,,,,,
Unknown,BRYU005_Pos_SA0144_QE2_HILIC_314,314,C:/Xcalibur/data/Brian_Yu/May_2022_HILIC,C:\Xcalibur\methods\Untargeted_DDA_HILIC_Pos,,,B:H9,2,0,0,0,,1,SA0144,,,,,,
Unknown,BRYU005_Neg_SA0144_QE2_HILIC_315,315,C:/Xcalibur/data/Brian_Yu/May_2022_HILIC,C:\Xcalibur\methods\Untargeted_DDA_HILIC_Neg,,,B:H9,2,0,0,0,,1,SA0144,,,,,,
Unknown,BRYU005_Pos_SA0076_QE2_HILIC_316,316,C:/Xcalibur/data/Brian_Yu/May_2022_HILIC,C:\Xcalibur\methods\Untargeted_DDA_HILIC_Pos,,,B:D1,2,0,0,0,,1,SA0076,,,,,,
Unknown,BRYU005_Neg_SA0076_QE2_HILIC_317,317,C:/Xcalibur/data/Brian_Yu/May_2022_HILIC,C:\Xcalibur\methods\Untargeted_DDA_HILIC_Neg,,,B:D1,2,0,0,0,,1,SA0076,,,,,,
Unknown,BRYU005_BK_Pos_QE2_HILIC_318,318,C:/Xcalibur/data/Brian_Yu/May_2022_HILIC,C:\Xcalibur\methods\Untargeted_DDA_HILIC_Pos,,,R:B2,2,0,0,0,,1,,,,,,,
Unknown,BRYU005_BK_Neg_QE2_HILIC_319,319,C:/Xcalibur/data/Brian_Yu/May_2022_HILIC,C:\Xcalibur\methods\Untargeted_DDA_HILIC_Neg,,,R:B2,2,0,0,0,,1,,,,,,,
Unknown,BRYU005_QC_14_Pos_QE2_HILIC_320,320,C:/Xcalibur/data/Brian_Yu/May_2022_HILIC,C:\Xcalibur\methods\Untargeted_DDA_HILIC_Pos,,,R:F2,2,0,0,0,,1,,,,,,,
Unknown,BRYU005_QC_14_Neg_QE2_HILIC_321,321,C:/Xcalibur/data/Brian_Yu/May_2022_HILIC,C:\Xcalibur\methods\Untargeted_DDA_HILIC_Neg,,,R:F2,2,0,0,0,,1,,,,,,,
Unknown,BRYU005_Pos_SA0089_QE2_HILIC_322,322,C:/Xcalibur/data/Brian_Yu/May_2022_HILIC,C:\Xcalibur\methods\Untargeted_DDA_HILIC_Pos,,,B:A3,2,0,0,0,,1,SA0089,,,,,,
Unknown,BRYU005_Neg_SA0089_QE2_HILIC_323,323,C:/Xcalibur/data/Brian_Yu/May_2022_HILIC,C:\Xcalibur\methods\Untargeted_DDA_HILIC_Neg,,,B:A3,2,0,0,0,,1,SA0089,,,,,,
Unknown,BRYU005_Pos_SA0128_QE2_HILIC_324,324,C:/Xcalibur/data/Brian_Yu/May_2022_HILIC,C:\Xcalibur\methods\Untargeted_DDA_HILIC_Pos,,,B:H7,2,0,0,0,,1,SA0128,,,,,,
Unknown,BRYU005_Neg_SA0128_QE2_HILIC_325,325,C:/Xcalibur/data/Brian_Yu/May_2022_HILIC,C:\Xcalibur\methods\Untargeted_DDA_HILIC_Neg,,,B:H7,2,0,0,0,,1,SA0128,,,,,,
Unknown,BRYU005_Pos_SA0134_QE2_HILIC_326,326,C:/Xcalibur/data/Brian_Yu/May_2022_HILIC,C:\Xcalibur\methods\Untargeted_DDA_HILIC_Pos,,,B:F8,2,0,0,0,,1,SA0134,,,,,,
Unknown,BRYU005_Neg_SA0134_QE2_HILIC_327,327,C:/Xcalibur/data/Brian_Yu/May_2022_HILIC,C:\Xcalibur\methods\Untargeted_DDA_HILIC_Neg,,,B:F8,2,0,0,0,,1,SA0134,,,,,,
Unknown,BRYU005_Pos_SA0086_QE2_HILIC_328,328,C:/Xcalibur/data/Brian_Yu/May_2022_HILIC,C:\Xcalibur\methods\Untargeted_DDA_HILIC_Pos,,,B:F2,2,0,0,0,,1,SA0086,,,,,,
Unknown,BRYU005_Neg_SA0086_QE2_HILIC_329,329,C:/Xcalibur/data/Brian_Yu/May_2022_HILIC,C:\Xcalibur\methods\Untargeted_DDA_HILIC_Neg,,,B:F2,2,0,0,0,,1,SA0086,,,,,,
Unknown,BRYU005_Pos_SA0075_QE2_HILIC_330,330,C:/Xcalibur/data/Brian_Yu/May_2022_HILIC,C:\Xcalibur\methods\Untargeted_DDA_HILIC_Pos,,,B:C1,2,0,0,0,,1,SA0075,,,,,,
Unknown,BRYU005_Neg_SA0075_QE2_HILIC_331,331,C:/Xcalibur/data/Brian_Yu/May_2022_HILIC,C:\Xcalibur\methods\Untargeted_DDA_HILIC_Neg,,,B:C1,2,0,0,0,,1,SA0075,,,,,,
Unknown,BRYU005_Pos_SA0074_QE2_HILIC_332,332,C:/Xcalibur/data/Brian_Yu/May_2022_HILIC,C:\Xcalibur\methods\Untargeted_DDA_HILIC_Pos,,,B:B1,2,0,0,0,,1,SA0074,,,,,,
Unknown,BRYU005_Neg_SA0074_QE2_HILIC_333,333,C:/Xcalibur/data/Brian_Yu/May_2022_HILIC,C:\Xcalibur\methods\Untargeted_DDA_HILIC_Neg,,,B:B1,2,0,0,0,,1,SA0074,,,,,,
Unknown,BRYU005_Pos_SA0103_QE2_HILIC_334,334,C:/Xcalibur/data/Brian_Yu/May_2022_HILIC,C:\Xcalibur\methods\Untargeted_DDA_HILIC_Pos,,,B:G4,2,0,0,0,,1,SA0103,,,,,,
Unknown,BRYU005_Neg_SA0103_QE2_HILIC_335,335,C:/Xcalibur/data/Brian_Yu/May_2022_HILIC,C:\Xcalibur\methods\Untargeted_DDA_HILIC_Neg,,,B:G4,2,0,0,0,,1,SA0103,,,,,,
Unknown,BRYU005_Pos_SA0125_QE2_HILIC_336,336,C:/Xcalibur/data/Brian_Yu/May_2022_HILIC,C:\Xcalibur\methods\Untargeted_DDA_HILIC_Pos,,,B:E7,2,0,0,0,,1,SA0125,,,,,,
Unknown,BRYU005_Neg_SA0125_QE2_HILIC_337,337,C:/Xcalibur/data/Brian_Yu/May_2022_HILIC,C:\Xcalibur\methods\Untargeted_DDA_HILIC_Neg,,,B:E7,2,0,0,0,,1,SA0125,,,,,,
Unknown,BRYU005_Pos_SA0081_QE2_HILIC_338,338,C:/Xcalibur/data/Brian_Yu/May_2022_HILIC,C:\Xcalibur\methods\Untargeted_DDA_HILIC_Pos,,,B:A2,2,0,0,0,,1,SA0081,,,,,,
Unknown,BRYU005_Neg_SA0081_QE2_HILIC_339,339,C:/Xcalibur/data/Brian_Yu/May_2022_HILIC,C:\Xcalibur\methods\Untargeted_DDA_HILIC_Neg,,,B:A2,2,0,0,0,,1,SA0081,,,,,,
Unknown,BRYU005_Pos_SA0126_QE2_HILIC_340,340,C:/Xcalibur/data/Brian_Yu/May_2022_HILIC,C:\Xcalibur\methods\Untargeted_DDA_HILIC_Pos,,,B:F7,2,0,0,0,,1,SA0126,,,,,,
Unknown,BRYU005_Neg_SA0126_QE2_HILIC_341,341,C:/Xcalibur/data/Brian_Yu/May_2022_HILIC,C:\Xcalibur\methods\Untargeted_DDA_HILIC_Neg,,,B:F7,2,0,0,0,,1,SA0126,,,,,,
Unknown,BRYU005_BK_Pos_QE2_HILIC_342,342,C:/Xcalibur/data/Brian_Yu/May_2022_HILIC,C:\Xcalibur\methods\Untargeted_DDA_HILIC_Pos,,,R:B3,2,0,0,0,,1,,,,,,,
Unknown,BRYU005_BK_Neg_QE2_HILIC_343,343,C:/Xcalibur/data/Brian_Yu/May_2022_HILIC,C:\Xcalibur\methods\Untargeted_DDA_HILIC_Neg,,,R:B3,2,0,0,0,,1,,,,,,,
Unknown,BRYU005_QC_15_Pos_QE2_HILIC_344,344,C:/Xcalibur/data/Brian_Yu/May_2022_HILIC,C:\Xcalibur\methods\Untargeted_DDA_HILIC_Pos,,,R:F3,2,0,0,0,,1,,,,,,,
Unknown,BRYU005_QC_15_Neg_QE2_HILIC_345,345,C:/Xcalibur/data/Brian_Yu/May_2022_HILIC,C:\Xcalibur\methods\Untargeted_DDA_HILIC_Neg,,,R:F3,2,0,0,0,,1,,,,,,,
Unknown,BRYU005_Pos_SA0110_QE2_HILIC_346,346,C:/Xcalibur/data/Brian_Yu/May_2022_HILIC,C:\Xcalibur\methods\Untargeted_DDA_HILIC_Pos,,,B:F5,2,0,0,0,,1,SA0110,,,,,,
Unknown,BRYU005_Neg_SA0110_QE2_HILIC_347,347,C:/Xcalibur/data/Brian_Yu/May_2022_HILIC,C:\Xcalibur\methods\Untargeted_DDA_HILIC_Neg,,,B:F5,2,0,0,0,,1,SA0110,,,,,,
Unknown,BRYU005_Pos_SA0132_QE2_HILIC_348,348,C:/Xcalibur/data/Brian_Yu/May_2022_HILIC,C:\Xcalibur\methods\Untargeted_DDA_HILIC_Pos,,,B:D8,2,0,0,0,,1,SA0132,,,,,,
Unknown,BRYU005_Neg_SA0132_QE2_HILIC_349,349,C:/Xcalibur/data/Brian_Yu/May_2022_HILIC,C:\Xcalibur\methods\Untargeted_DDA_HILIC_Neg,,,B:D8,2,0,0,0,,1,SA0132,,,,,,
Unknown,BRYU005_Pos_SA0094_QE2_HILIC_350,350,C:/Xcalibur/data/Brian_Yu/May_2022_HILIC,C:\Xcalibur\methods\Untargeted_DDA_HILIC_Pos,,,B:F3,2,0,0,0,,1,SA0094,,,,,,
Unknown,BRYU005_Neg_SA0094_QE2_HILIC_351,351,C:/Xcalibur/data/Brian_Yu/May_2022_HILIC,C:\Xcalibur\methods\Untargeted_DDA_HILIC_Neg,,,B:F3,2,0,0,0,,1,SA0094,,,,,,
Unknown,BRYU005_Pos_SA0107_QE2_HILIC_352,352,C:/Xcalibur/data/Brian_Yu/May_2022_HILIC,C:\Xcalibur\methods\Untargeted_DDA_HILIC_Pos,,,B:C5,2,0,0,0,,1,SA0107,,,,,,
Unknown,BRYU005_Neg_SA0107_QE2_HILIC_353,353,C:/Xcalibur/data/Brian_Yu/May_2022_HILIC,C:\Xcalibur\methods\Untargeted_DDA_HILIC_Neg,,,B:C5,2,0,0,0,,1,SA0107,,,,,,
Unknown,BRYU005_Pos_SA0166_QE2_HILIC_354,354,C:/Xcalibur/data/Brian_Yu/May_2022_HILIC,C:\Xcalibur\methods\Untargeted_DDA_HILIC_Pos,,,Y:F3,2,0,0,0,,1,SA0166,,,,,,
Unknown,BRYU005_Neg_SA0166_QE2_HILIC_355,355,C:/Xcalibur/data/Brian_Yu/May_2022_HILIC,C:\Xcalibur\methods\Untargeted_DDA_HILIC_Neg,,,Y:F3,2,0,0,0,,1,SA0166,,,,,,
Unknown,BRYU005_Pos_SA0196_QE2_HILIC_356,356,C:/Xcalibur/data/Brian_Yu/May_2022_HILIC,C:\Xcalibur\methods\Untargeted_DDA_HILIC_Pos,,,Y:D7,2,0,0,0,,1,SA0196,,,,,,
Unknown,BRYU005_Neg_SA0196_QE2_HILIC_357,357,C:/Xcalibur/data/Brian_Yu/May_2022_HILIC,C:\Xcalibur\methods\Untargeted_DDA_HILIC_Neg,,,Y:D7,2,0,0,0,,1,SA0196,,,,,,
Unknown,BRYU005_Pos_SA0195_QE2_HILIC_358,358,C:/Xcalibur/data/Brian_Yu/May_2022_HILIC,C:\Xcalibur\methods\Untargeted_DDA_HILIC_Pos,,,Y:C7,2,0,0,0,,1,SA0195,,,,,,
Unknown,BRYU005_Neg_SA0195_QE2_HILIC_359,359,C:/Xcalibur/data/Brian_Yu/May_2022_HILIC,C:\Xcalibur\methods\Untargeted_DDA_HILIC_Neg,,,Y:C7,2,0,0,0,,1,SA0195,,,,,,
Unknown,BRYU005_Pos_SA0169_QE2_HILIC_360,360,C:/Xcalibur/data/Brian_Yu/May_2022_HILIC,C:\Xcalibur\methods\Untargeted_DDA_HILIC_Pos,,,Y:A4,2,0,0,0,,1,SA0169,,,,,,
Unknown,BRYU005_Neg_SA0169_QE2_HILIC_361,361,C:/Xcalibur/data/Brian_Yu/May_2022_HILIC,C:\Xcalibur\methods\Untargeted_DDA_HILIC_Neg,,,Y:A4,2,0,0,0,,1,SA0169,,,,,,
Unknown,BRYU005_Pos_SA0188_QE2_HILIC_362,362,C:/Xcalibur/data/Brian_Yu/May_2022_HILIC,C:\Xcalibur\methods\Untargeted_DDA_HILIC_Pos,,,Y:D6,2,0,0,0,,1,SA0188,,,,,,
Unknown,BRYU005_Neg_SA0188_QE2_HILIC_363,363,C:/Xcalibur/data/Brian_Yu/May_2022_HILIC,C:\Xcalibur\methods\Untargeted_DDA_HILIC_Neg,,,Y:D6,2,0,0,0,,1,SA0188,,,,,,
Unknown,BRYU005_Pos_SA0149_QE2_HILIC_364,364,C:/Xcalibur/data/Brian_Yu/May_2022_HILIC,C:\Xcalibur\methods\Untargeted_DDA_HILIC_Pos,,,Y:E1,2,0,0,0,,1,SA0149,,,,,,
Unknown,BRYU005_Neg_SA0149_QE2_HILIC_365,365,C:/Xcalibur/data/Brian_Yu/May_2022_HILIC,C:\Xcalibur\methods\Untargeted_DDA_HILIC_Neg,,,Y:E1,2,0,0,0,,1,SA0149,,,,,,
Unknown,BRYU005_BK_Pos_QE2_HILIC_366,366,C:/Xcalibur/data/Brian_Yu/May_2022_HILIC,C:\Xcalibur\methods\Untargeted_DDA_HILIC_Pos,,,R:B4,2,0,0,0,,1,,,,,,,
Unknown,BRYU005_BK_Neg_QE2_HILIC_367,367,C:/Xcalibur/data/Brian_Yu/May_2022_HILIC,C:\Xcalibur\methods\Untargeted_DDA_HILIC_Neg,,,R:B4,2,0,0,0,,1,,,,,,,
Unknown,BRYU005_QC_16_Pos_QE2_HILIC_368,368,C:/Xcalibur/data/Brian_Yu/May_2022_HILIC,C:\Xcalibur\methods\Untargeted_DDA_HILIC_Pos,,,R:F4,2,0,0,0,,1,,,,,,,
Unknown,BRYU005_QC_16_Neg_QE2_HILIC_369,369,C:/Xcalibur/data/Brian_Yu/May_2022_HILIC,C:\Xcalibur\methods\Untargeted_DDA_HILIC_Neg,,,R:F4,2,0,0,0,,1,,,,,,,
Unknown,BRYU005_Pos_SA0168_QE2_HILIC_370,370,C:/Xcalibur/data/Brian_Yu/May_2022_HILIC,C:\Xcalibur\methods\Untargeted_DDA_HILIC_Pos,,,Y:H3,2,0,0,0,,1,SA0168,,,,,,
Unknown,BRYU005_Neg_SA0168_QE2_HILIC_371,371,C:/Xcalibur/data/Brian_Yu/May_2022_HILIC,C:\Xcalibur\methods\Untargeted_DDA_HILIC_Neg,,,Y:H3,2,0,0,0,,1,SA0168,,,,,,
Unknown,BRYU005_Pos_SA0183_QE2_HILIC_372,372,C:/Xcalibur/data/Brian_Yu/May_2022_HILIC,C:\Xcalibur\methods\Untargeted_DDA_HILIC_Pos,,,Y:G5,2,0,0,0,,1,SA0183,,,,,,
Unknown,BRYU005_Neg_SA0183_QE2_HILIC_373,373,C:/Xcalibur/data/Brian_Yu/May_2022_HILIC,C:\Xcalibur\methods\Untargeted_DDA_HILIC_Neg,,,Y:G5,2,0,0,0,,1,SA0183,,,,,,
Unknown,BRYU005_Pos_SA0206_QE2_HILIC_374,374,C:/Xcalibur/data/Brian_Yu/May_2022_HILIC,C:\Xcalibur\methods\Untargeted_DDA_HILIC_Pos,,,Y:F8,2,0,0,0,,1,SA0206,,,,,,
Unknown,BRYU005_Neg_SA0206_QE2_HILIC_375,375,C:/Xcalibur/data/Brian_Yu/May_2022_HILIC,C:\Xcalibur\methods\Untargeted_DDA_HILIC_Neg,,,Y:F8,2,0,0,0,,1,SA0206,,,,,,
Unknown,BRYU005_Pos_SA0157_QE2_HILIC_376,376,C:/Xcalibur/data/Brian_Yu/May_2022_HILIC,C:\Xcalibur\methods\Untargeted_DDA_HILIC_Pos,,,Y:E2,2,0,0,0,,1,SA0157,,,,,,
Unknown,BRYU005_Neg_SA0157_QE2_HILIC_377,377,C:/Xcalibur/data/Brian_Yu/May_2022_HILIC,C:\Xcalibur\methods\Untargeted_DDA_HILIC_Neg,,,Y:E2,2,0,0,0,,1,SA0157,,,,,,
Unknown,BRYU005_Pos_SA0177_QE2_HILIC_378,378,C:/Xcalibur/data/Brian_Yu/May_2022_HILIC,C:\Xcalibur\methods\Untargeted_DDA_HILIC_Pos,,,Y:A5,2,0,0,0,,1,SA0177,,,,,,
Unknown,BRYU005_Neg_SA0177_QE2_HILIC_379,379,C:/Xcalibur/data/Brian_Yu/May_2022_HILIC,C:\Xcalibur\methods\Untargeted_DDA_HILIC_Neg,,,Y:A5,2,0,0,0,,1,SA0177,,,,,,
Unknown,BRYU005_Pos_SA0159_QE2_HILIC_380,380,C:/Xcalibur/data/Brian_Yu/May_2022_HILIC,C:\Xcalibur\methods\Untargeted_DDA_HILIC_Pos,,,Y:G2,2,0,0,0,,1,SA0159,,,,,,
Unknown,BRYU005_Neg_SA0159_QE2_HILIC_381,381,C:/Xcalibur/data/Brian_Yu/May_2022_HILIC,C:\Xcalibur\methods\Untargeted_DDA_HILIC_Neg,,,Y:G2,2,0,0,0,,1,SA0159,,,,,,
Unknown,BRYU005_Pos_SA0213_QE2_HILIC_382,382,C:/Xcalibur/data/Brian_Yu/May_2022_HILIC,C:\Xcalibur\methods\Untargeted_DDA_HILIC_Pos,,,Y:E9,2,0,0,0,,1,SA0213,,,,,,
Unknown,BRYU005_Neg_SA0213_QE2_HILIC_383,383,C:/Xcalibur/data/Brian_Yu/May_2022_HILIC,C:\Xcalibur\methods\Untargeted_DDA_HILIC_Neg,,,Y:E9,2,0,0,0,,1,SA0213,,,,,,
Unknown,BRYU005_Pos_SA0212_QE2_HILIC_384,384,C:/Xcalibur/data/Brian_Yu/May_2022_HILIC,C:\Xcalibur\methods\Untargeted_DDA_HILIC_Pos,,,Y:D9,2,0,0,0,,1,SA0212,,,,,,
Unknown,BRYU005_Neg_SA0212_QE2_HILIC_385,385,C:/Xcalibur/data/Brian_Yu/May_2022_HILIC,C:\Xcalibur\methods\Untargeted_DDA_HILIC_Neg,,,Y:D9,2,0,0,0,,1,SA0212,,,,,,
Unknown,BRYU005_Pos_SA0171_QE2_HILIC_386,386,C:/Xcalibur/data/Brian_Yu/May_2022_HILIC,C:\Xcalibur\methods\Untargeted_DDA_HILIC_Pos,,,Y:C4,2,0,0,0,,1,SA0171,,,,,,
Unknown,BRYU005_Neg_SA0171_QE2_HILIC_387,387,C:/Xcalibur/data/Brian_Yu/May_2022_HILIC,C:\Xcalibur\methods\Untargeted_DDA_HILIC_Neg,,,Y:C4,2,0,0,0,,1,SA0171,,,,,,
Unknown,BRYU005_Pos_SA0173_QE2_HILIC_388,388,C:/Xcalibur/data/Brian_Yu/May_2022_HILIC,C:\Xcalibur\methods\Untargeted_DDA_HILIC_Pos,,,Y:E4,2,0,0,0,,1,SA0173,,,,,,
Unknown,BRYU005_Neg_SA0173_QE2_HILIC_389,389,C:/Xcalibur/data/Brian_Yu/May_2022_HILIC,C:\Xcalibur\methods\Untargeted_DDA_HILIC_Neg,,,Y:E4,2,0,0,0,,1,SA0173,,,,,,
Unknown,BRYU005_BK_Pos_QE2_HILIC_390,390,C:/Xcalibur/data/Brian_Yu/May_2022_HILIC,C:\Xcalibur\methods\Untargeted_DDA_HILIC_Pos,,,R:B5,2,0,0,0,,1,,,,,,,
Unknown,BRYU005_BK_Neg_QE2_HILIC_391,391,C:/Xcalibur/data/Brian_Yu/May_2022_HILIC,C:\Xcalibur\methods\Untargeted_DDA_HILIC_Neg,,,R:B5,2,0,0,0,,1,,,,,,,
Unknown,BRYU005_QC_17_Pos_QE2_HILIC_392,392,C:/Xcalibur/data/Brian_Yu/May_2022_HILIC,C:\Xcalibur\methods\Untargeted_DDA_HILIC_Pos,,,R:F5,2,0,0,0,,1,,,,,,,
Unknown,BRYU005_QC_17_Neg_QE2_HILIC_393,393,C:/Xcalibur/data/Brian_Yu/May_2022_HILIC,C:\Xcalibur\methods\Untargeted_DDA_HILIC_Neg,,,R:F5,2,0,0,0,,1,,,,,,,
Unknown,BRYU005_Pos_SA0152_QE2_HILIC_394,394,C:/Xcalibur/data/Brian_Yu/May_2022_HILIC,C:\Xcalibur\methods\Untargeted_DDA_HILIC_Pos,,,Y:H1,2,0,0,0,,1,SA0152,,,,,,
Unknown,BRYU005_Neg_SA0152_QE2_HILIC_395,395,C:/Xcalibur/data/Brian_Yu/May_2022_HILIC,C:\Xcalibur\methods\Untargeted_DDA_HILIC_Neg,,,Y:H1,2,0,0,0,,1,SA0152,,,,,,
Unknown,BRYU005_Pos_SA0190_QE2_HILIC_396,396,C:/Xcalibur/data/Brian_Yu/May_2022_HILIC,C:\Xcalibur\methods\Untargeted_DDA_HILIC_Pos,,,Y:F6,2,0,0,0,,1,SA0190,,,,,,
Unknown,BRYU005_Neg_SA0190_QE2_HILIC_397,397,C:/Xcalibur/data/Brian_Yu/May_2022_HILIC,C:\Xcalibur\methods\Untargeted_DDA_HILIC_Neg,,,Y:F6,2,0,0,0,,1,SA0190,,,,,,
Unknown,BRYU005_Pos_SA0162_QE2_HILIC_398,398,C:/Xcalibur/data/Brian_Yu/May_2022_HILIC,C:\Xcalibur\methods\Untargeted_DDA_HILIC_Pos,,,Y:B3,2,0,0,0,,1,SA0162,,,,,,
Unknown,BRYU005_Neg_SA0162_QE2_HILIC_399,399,C:/Xcalibur/data/Brian_Yu/May_2022_HILIC,C:\Xcalibur\methods\Untargeted_DDA_HILIC_Neg,,,Y:B3,2,0,0,0,,1,SA0162,,,,,,
Unknown,BRYU005_Pos_SA0182_QE2_HILIC_400,400,C:/Xcalibur/data/Brian_Yu/May_2022_HILIC,C:\Xcalibur\methods\Untargeted_DDA_HILIC_Pos,,,Y:F5,2,0,0,0,,1,SA0182,,,,,,
Unknown,BRYU005_Neg_SA0182_QE2_HILIC_401,401,C:/Xcalibur/data/Brian_Yu/May_2022_HILIC,C:\Xcalibur\methods\Untargeted_DDA_HILIC_Neg,,,Y:F5,2,0,0,0,,1,SA0182,,,,,,
Unknown,BRYU005_Pos_SA0200_QE2_HILIC_402,402,C:/Xcalibur/data/Brian_Yu/May_2022_HILIC,C:\Xcalibur\methods\Untargeted_DDA_HILIC_Pos,,,Y:H7,2,0,0,0,,1,SA0200,,,,,,
Unknown,BRYU005_Neg_SA0200_QE2_HILIC_403,403,C:/Xcalibur/data/Brian_Yu/May_2022_HILIC,C:\Xcalibur\methods\Untargeted_DDA_HILIC_Neg,,,Y:H7,2,0,0,0,,1,SA0200,,,,,,
Unknown,BRYU005_Pos_SA0214_QE2_HILIC_404,404,C:/Xcalibur/data/Brian_Yu/May_2022_HILIC,C:\Xcalibur\methods\Untargeted_DDA_HILIC_Pos,,,Y:F9,2,0,0,0,,1,SA0214,,,,,,
Unknown,BRYU005_Neg_SA0214_QE2_HILIC_405,405,C:/Xcalibur/data/Brian_Yu/May_2022_HILIC,C:\Xcalibur\methods\Untargeted_DDA_HILIC_Neg,,,Y:F9,2,0,0,0,,1,SA0214,,,,,,
Unknown,BRYU005_Pos_SA0167_QE2_HILIC_406,406,C:/Xcalibur/data/Brian_Yu/May_2022_HILIC,C:\Xcalibur\methods\Untargeted_DDA_HILIC_Pos,,,Y:G3,2,0,0,0,,1,SA0167,,,,,,
Unknown,BRYU005_Neg_SA0167_QE2_HILIC_407,407,C:/Xcalibur/data/Brian_Yu/May_2022_HILIC,C:\Xcalibur\methods\Untargeted_DDA_HILIC_Neg,,,Y:G3,2,0,0,0,,1,SA0167,,,,,,
Unknown,BRYU005_Pos_SA0203_QE2_HILIC_408,408,C:/Xcalibur/data/Brian_Yu/May_2022_HILIC,C:\Xcalibur\methods\Untargeted_DDA_HILIC_Pos,,,Y:C8,2,0,0,0,,1,SA0203,,,,,,
Unknown,BRYU005_Neg_SA0203_QE2_HILIC_409,409,C:/Xcalibur/data/Brian_Yu/May_2022_HILIC,C:\Xcalibur\methods\Untargeted_DDA_HILIC_Neg,,,Y:C8,2,0,0,0,,1,SA0203,,,,,,
Unknown,BRYU005_Pos_SA0145_QE2_HILIC_410,410,C:/Xcalibur/data/Brian_Yu/May_2022_HILIC,C:\Xcalibur\methods\Untargeted_DDA_HILIC_Pos,,,Y:A1,2,0,0,0,,1,SA0145,,,,,,
Unknown,BRYU005_Neg_SA0145_QE2_HILIC_411,411,C:/Xcalibur/data/Brian_Yu/May_2022_HILIC,C:\Xcalibur\methods\Untargeted_DDA_HILIC_Neg,,,Y:A1,2,0,0,0,,1,SA0145,,,,,,
Unknown,BRYU005_Pos_SA0158_QE2_HILIC_412,412,C:/Xcalibur/data/Brian_Yu/May_2022_HILIC,C:\Xcalibur\methods\Untargeted_DDA_HILIC_Pos,,,Y:F2,2,0,0,0,,1,SA0158,,,,,,
Unknown,BRYU005_Neg_SA0158_QE2_HILIC_413,413,C:/Xcalibur/data/Brian_Yu/May_2022_HILIC,C:\Xcalibur\methods\Untargeted_DDA_HILIC_Neg,,,Y:F2,2,0,0,0,,1,SA0158,,,,,,
Unknown,BRYU005_BK_Pos_QE2_HILIC_414,414,C:/Xcalibur/data/Brian_Yu/May_2022_HILIC,C:\Xcalibur\methods\Untargeted_DDA_HILIC_Pos,,,R:B6,2,0,0,0,,1,,,,,,,
Unknown,BRYU005_BK_Neg_QE2_HILIC_415,415,C:/Xcalibur/data/Brian_Yu/May_2022_HILIC,C:\Xcalibur\methods\Untargeted_DDA_HILIC_Neg,,,R:B6,2,0,0,0,,1,,,,,,,
Unknown,BRYU005_QC_18_Pos_QE2_HILIC_416,416,C:/Xcalibur/data/Brian_Yu/May_2022_HILIC,C:\Xcalibur\methods\Untargeted_DDA_HILIC_Pos,,,R:F6,2,0,0,0,,1,,,,,,,
Unknown,BRYU005_QC_18_Neg_QE2_HILIC_417,417,C:/Xcalibur/data/Brian_Yu/May_2022_HILIC,C:\Xcalibur\methods\Untargeted_DDA_HILIC_Neg,,,R:F6,2,0,0,0,,1,,,,,,,
Unknown,BRYU005_Pos_SA0148_QE2_HILIC_418,418,C:/Xcalibur/data/Brian_Yu/May_2022_HILIC,C:\Xcalibur\methods\Untargeted_DDA_HILIC_Pos,,,Y:D1,2,0,0,0,,1,SA0148,,,,,,
Unknown,BRYU005_Neg_SA0148_QE2_HILIC_419,419,C:/Xcalibur/data/Brian_Yu/May_2022_HILIC,C:\Xcalibur\methods\Untargeted_DDA_HILIC_Neg,,,Y:D1,2,0,0,0,,1,SA0148,,,,,,
Unknown,BRYU005_Pos_SA0211_QE2_HILIC_420,420,C:/Xcalibur/data/Brian_Yu/May_2022_HILIC,C:\Xcalibur\methods\Untargeted_DDA_HILIC_Pos,,,Y:C9,2,0,0,0,,1,SA0211,,,,,,
Unknown,BRYU005_Neg_SA0211_QE2_HILIC_421,421,C:/Xcalibur/data/Brian_Yu/May_2022_HILIC,C:\Xcalibur\methods\Untargeted_DDA_HILIC_Neg,,,Y:C9,2,0,0,0,,1,SA0211,,,,,,
Unknown,BRYU005_Pos_SA0178_QE2_HILIC_422,422,C:/Xcalibur/data/Brian_Yu/May_2022_HILIC,C:\Xcalibur\methods\Untargeted_DDA_HILIC_Pos,,,Y:B5,2,0,0,0,,1,SA0178,,,,,,
Unknown,BRYU005_Neg_SA0178_QE2_HILIC_423,423,C:/Xcalibur/data/Brian_Yu/May_2022_HILIC,C:\Xcalibur\methods\Untargeted_DDA_HILIC_Neg,,,Y:B5,2,0,0,0,,1,SA0178,,,,,,
Unknown,BRYU005_Pos_SA0164_QE2_HILIC_424,424,C:/Xcalibur/data/Brian_Yu/May_2022_HILIC,C:\Xcalibur\methods\Untargeted_DDA_HILIC_Pos,,,Y:D3,2,0,0,0,,1,SA0164,,,,,,
Unknown,BRYU005_Neg_SA0164_QE2_HILIC_425,425,C:/Xcalibur/data/Brian_Yu/May_2022_HILIC,C:\Xcalibur\methods\Untargeted_DDA_HILIC_Neg,,,Y:D3,2,0,0,0,,1,SA0164,,,,,,
Unknown,BRYU005_Pos_SA0163_QE2_HILIC_426,426,C:/Xcalibur/data/Brian_Yu/May_2022_HILIC,C:\Xcalibur\methods\Untargeted_DDA_HILIC_Pos,,,Y:C3,2,0,0,0,,1,SA0163,,,,,,
Unknown,BRYU005_Neg_SA0163_QE2_HILIC_427,427,C:/Xcalibur/data/Brian_Yu/May_2022_HILIC,C:\Xcalibur\methods\Untargeted_DDA_HILIC_Neg,,,Y:C3,2,0,0,0,,1,SA0163,,,,,,
Unknown,BRYU005_Pos_SA0205_QE2_HILIC_428,428,C:/Xcalibur/data/Brian_Yu/May_2022_HILIC,C:\Xcalibur\methods\Untargeted_DDA_HILIC_Pos,,,Y:E8,2,0,0,0,,1,SA0205,,,,,,
Unknown,BRYU005_Neg_SA0205_QE2_HILIC_429,429,C:/Xcalibur/data/Brian_Yu/May_2022_HILIC,C:\Xcalibur\methods\Untargeted_DDA_HILIC_Neg,,,Y:E8,2,0,0,0,,1,SA0205,,,,,,
Unknown,BRYU005_Pos_SA0210_QE2_HILIC_430,430,C:/Xcalibur/data/Brian_Yu/May_2022_HILIC,C:\Xcalibur\methods\Untargeted_DDA_HILIC_Pos,,,Y:B9,2,0,0,0,,1,SA0210,,,,,,
Unknown,BRYU005_Neg_SA0210_QE2_HILIC_431,431,C:/Xcalibur/data/Brian_Yu/May_2022_HILIC,C:\Xcalibur\methods\Untargeted_DDA_HILIC_Neg,,,Y:B9,2,0,0,0,,1,SA0210,,,,,,
Unknown,BRYU005_Pos_SA0209_QE2_HILIC_432,432,C:/Xcalibur/data/Brian_Yu/May_2022_HILIC,C:\Xcalibur\methods\Untargeted_DDA_HILIC_Pos,,,Y:A9,2,0,0,0,,1,SA0209,,,,,,
Unknown,BRYU005_Neg_SA0209_QE2_HILIC_433,433,C:/Xcalibur/data/Brian_Yu/May_2022_HILIC,C:\Xcalibur\methods\Untargeted_DDA_HILIC_Neg,,,Y:A9,2,0,0,0,,1,SA0209,,,,,,
Unknown,BRYU005_Pos_SA0185_QE2_HILIC_434,434,C:/Xcalibur/data/Brian_Yu/May_2022_HILIC,C:\Xcalibur\methods\Untargeted_DDA_HILIC_Pos,,,Y:A6,2,0,0,0,,1,SA0185,,,,,,
Unknown,BRYU005_Neg_SA0185_QE2_HILIC_435,435,C:/Xcalibur/data/Brian_Yu/May_2022_HILIC,C:\Xcalibur\methods\Untargeted_DDA_HILIC_Neg,,,Y:A6,2,0,0,0,,1,SA0185,,,,,,
Unknown,BRYU005_Pos_SA0156_QE2_HILIC_436,436,C:/Xcalibur/data/Brian_Yu/May_2022_HILIC,C:\Xcalibur\methods\Untargeted_DDA_HILIC_Pos,,,Y:D2,2,0,0,0,,1,SA0156,,,,,,
Unknown,BRYU005_Neg_SA0156_QE2_HILIC_437,437,C:/Xcalibur/data/Brian_Yu/May_2022_HILIC,C:\Xcalibur\methods\Untargeted_DDA_HILIC_Neg,,,Y:D2,2,0,0,0,,1,SA0156,,,,,,
Unknown,BRYU005_BK_Pos_QE2_HILIC_438,438,C:/Xcalibur/data/Brian_Yu/May_2022_HILIC,C:\Xcalibur\methods\Untargeted_DDA_HILIC_Pos,,,R:B7,2,0,0,0,,1,,,,,,,
Unknown,BRYU005_BK_Neg_QE2_HILIC_439,439,C:/Xcalibur/data/Brian_Yu/May_2022_HILIC,C:\Xcalibur\methods\Untargeted_DDA_HILIC_Neg,,,R:B7,2,0,0,0,,1,,,,,,,
Unknown,BRYU005_QC_19_Pos_QE2_HILIC_440,440,C:/Xcalibur/data/Brian_Yu/May_2022_HILIC,C:\Xcalibur\methods\Untargeted_DDA_HILIC_Pos,,,R:F7,2,0,0,0,,1,,,,,,,
Unknown,BRYU005_QC_19_Neg_QE2_HILIC_441,441,C:/Xcalibur/data/Brian_Yu/May_2022_HILIC,C:\Xcalibur\methods\Untargeted_DDA_HILIC_Neg,,,R:F7,2,0,0,0,,1,,,,,,,
Unknown,BRYU005_Pos_SA0160_QE2_HILIC_442,442,C:/Xcalibur/data/Brian_Yu/May_2022_HILIC,C:\Xcalibur\methods\Untargeted_DDA_HILIC_Pos,,,Y:H2,2,0,0,0,,1,SA0160,,,,,,
Unknown,BRYU005_Neg_SA0160_QE2_HILIC_443,443,C:/Xcalibur/data/Brian_Yu/May_2022_HILIC,C:\Xcalibur\methods\Untargeted_DDA_HILIC_Neg,,,Y:H2,2,0,0,0,,1,SA0160,,,,,,
Unknown,BRYU005_Pos_SA0198_QE2_HILIC_444,444,C:/Xcalibur/data/Brian_Yu/May_2022_HILIC,C:\Xcalibur\methods\Untargeted_DDA_HILIC_Pos,,,Y:F7,2,0,0,0,,1,SA0198,,,,,,
Unknown,BRYU005_Neg_SA0198_QE2_HILIC_445,445,C:/Xcalibur/data/Brian_Yu/May_2022_HILIC,C:\Xcalibur\methods\Untargeted_DDA_HILIC_Neg,,,Y:F7,2,0,0,0,,1,SA0198,,,,,,
Unknown,BRYU005_Pos_SA0184_QE2_HILIC_446,446,C:/Xcalibur/data/Brian_Yu/May_2022_HILIC,C:\Xcalibur\methods\Untargeted_DDA_HILIC_Pos,,,Y:H5,2,0,0,0,,1,SA0184,,,,,,
Unknown,BRYU005_Neg_SA0184_QE2_HILIC_447,447,C:/Xcalibur/data/Brian_Yu/May_2022_HILIC,C:\Xcalibur\methods\Untargeted_DDA_HILIC_Neg,,,Y:H5,2,0,0,0,,1,SA0184,,,,,,
Unknown,BRYU005_Pos_SA0172_QE2_HILIC_448,448,C:/Xcalibur/data/Brian_Yu/May_2022_HILIC,C:\Xcalibur\methods\Untargeted_DDA_HILIC_Pos,,,Y:D4,2,0,0,0,,1,SA0172,,,,,,
Unknown,BRYU005_Neg_SA0172_QE2_HILIC_449,449,C:/Xcalibur/data/Brian_Yu/May_2022_HILIC,C:\Xcalibur\methods\Untargeted_DDA_HILIC_Neg,,,Y:D4,2,0,0,0,,1,SA0172,,,,,,
Unknown,BRYU005_Pos_SA0202_QE2_HILIC_450,450,C:/Xcalibur/data/Brian_Yu/May_2022_HILIC,C:\Xcalibur\methods\Untargeted_DDA_HILIC_Pos,,,Y:B8,2,0,0,0,,1,SA0202,,,,,,
Unknown,BRYU005_Neg_SA0202_QE2_HILIC_451,451,C:/Xcalibur/data/Brian_Yu/May_2022_HILIC,C:\Xcalibur\methods\Untargeted_DDA_HILIC_Neg,,,Y:B8,2,0,0,0,,1,SA0202,,,,,,
Unknown,BRYU005_Pos_SA0154_QE2_HILIC_452,452,C:/Xcalibur/data/Brian_Yu/May_2022_HILIC,C:\Xcalibur\methods\Untargeted_DDA_HILIC_Pos,,,Y:B2,2,0,0,0,,1,SA0154,,,,,,
Unknown,BRYU005_Neg_SA0154_QE2_HILIC_453,453,C:/Xcalibur/data/Brian_Yu/May_2022_HILIC,C:\Xcalibur\methods\Untargeted_DDA_HILIC_Neg,,,Y:B2,2,0,0,0,,1,SA0154,,,,,,
Unknown,BRYU005_Pos_SA0151_QE2_HILIC_454,454,C:/Xcalibur/data/Brian_Yu/May_2022_HILIC,C:\Xcalibur\methods\Untargeted_DDA_HILIC_Pos,,,Y:G1,2,0,0,0,,1,SA0151,,,,,,
Unknown,BRYU005_Neg_SA0151_QE2_HILIC_455,455,C:/Xcalibur/data/Brian_Yu/May_2022_HILIC,C:\Xcalibur\methods\Untargeted_DDA_HILIC_Neg,,,Y:G1,2,0,0,0,,1,SA0151,,,,,,
Unknown,BRYU005_Pos_SA0146_QE2_HILIC_456,456,C:/Xcalibur/data/Brian_Yu/May_2022_HILIC,C:\Xcalibur\methods\Untargeted_DDA_HILIC_Pos,,,Y:B1,2,0,0,0,,1,SA0146,,,,,,
Unknown,BRYU005_Neg_SA0146_QE2_HILIC_457,457,C:/Xcalibur/data/Brian_Yu/May_2022_HILIC,C:\Xcalibur\methods\Untargeted_DDA_HILIC_Neg,,,Y:B1,2,0,0,0,,1,SA0146,,,,,,
Unknown,BRYU005_Pos_SA0187_QE2_HILIC_458,458,C:/Xcalibur/data/Brian_Yu/May_2022_HILIC,C:\Xcalibur\methods\Untargeted_DDA_HILIC_Pos,,,Y:C6,2,0,0,0,,1,SA0187,,,,,,
Unknown,BRYU005_Neg_SA0187_QE2_HILIC_459,459,C:/Xcalibur/data/Brian_Yu/May_2022_HILIC,C:\Xcalibur\methods\Untargeted_DDA_HILIC_Neg,,,Y:C6,2,0,0,0,,1,SA0187,,,,,,
Unknown,BRYU005_BK_Pos_QE2_HILIC_460,460,C:/Xcalibur/data/Brian_Yu/May_2022_HILIC,C:\Xcalibur\methods\Untargeted_DDA_HILIC_Pos,,,R:B8,2,0,0,0,,1,,,,,,,
Unknown,BRYU005_BK_Neg_QE2_HILIC_461,461,C:/Xcalibur/data/Brian_Yu/May_2022_HILIC,C:\Xcalibur\methods\Untargeted_DDA_HILIC_Neg,,,R:B8,2,0,0,0,,1,,,,,,,
Unknown,BRYU005_QC_20_Pos_QE2_HILIC_462,462,C:/Xcalibur/data/Brian_Yu/May_2022_HILIC,C:\Xcalibur\methods\Untargeted_DDA_HILIC_Pos,,,R:F8,2,0,0,0,,1,,,,,,,
Unknown,BRYU005_QC_20_Neg_QE2_HILIC_463,463,C:/Xcalibur/data/Brian_Yu/May_2022_HILIC,C:\Xcalibur\methods\Untargeted_DDA_HILIC_Neg,,,R:F8,2,0,0,0,,1,,,,,,,
Unknown,BRYU005_Pos_SA0201_QE2_HILIC_464,464,C:/Xcalibur/data/Brian_Yu/May_2022_HILIC,C:\Xcalibur\methods\Untargeted_DDA_HILIC_Pos,,,Y:A8,2,0,0,0,,1,SA0201,,,,,,
Unknown,BRYU005_Neg_SA0201_QE2_HILIC_465,465,C:/Xcalibur/data/Brian_Yu/May_2022_HILIC,C:\Xcalibur\methods\Untargeted_DDA_HILIC_Neg,,,Y:A8,2,0,0,0,,1,SA0201,,,,,,
Unknown,BRYU005_Pos_SA0170_QE2_HILIC_466,466,C:/Xcalibur/data/Brian_Yu/May_2022_HILIC,C:\Xcalibur\methods\Untargeted_DDA_HILIC_Pos,,,Y:B4,2,0,0,0,,1,SA0170,,,,,,
Unknown,BRYU005_Neg_SA0170_QE2_HILIC_467,467,C:/Xcalibur/data/Brian_Yu/May_2022_HILIC,C:\Xcalibur\methods\Untargeted_DDA_HILIC_Neg,,,Y:B4,2,0,0,0,,1,SA0170,,,,,,
Unknown,BRYU005_Pos_SA0197_QE2_HILIC_468,468,C:/Xcalibur/data/Brian_Yu/May_2022_HILIC,C:\Xcalibur\methods\Untargeted_DDA_HILIC_Pos,,,Y:E7,2,0,0,0,,1,SA0197,,,,,,
Unknown,BRYU005_Neg_SA0197_QE2_HILIC_469,469,C:/Xcalibur/data/Brian_Yu/May_2022_HILIC,C:\Xcalibur\methods\Untargeted_DDA_HILIC_Neg,,,Y:E7,2,0,0,0,,1,SA0197,,,,,,
Unknown,BRYU005_Pos_SA0147_QE2_HILIC_470,470,C:/Xcalibur/data/Brian_Yu/May_2022_HILIC,C:\Xcalibur\methods\Untargeted_DDA_HILIC_Pos,,,Y:C1,2,0,0,0,,1,SA0147,,,,,,
Unknown,BRYU005_Neg_SA0147_QE2_HILIC_471,471,C:/Xcalibur/data/Brian_Yu/May_2022_HILIC,C:\Xcalibur\methods\Untargeted_DDA_HILIC_Neg,,,Y:C1,2,0,0,0,,1,SA0147,,,,,,
Unknown,BRYU005_Pos_SA0193_QE2_HILIC_472,472,C:/Xcalibur/data/Brian_Yu/May_2022_HILIC,C:\Xcalibur\methods\Untargeted_DDA_HILIC_Pos,,,Y:A7,2,0,0,0,,1,SA0193,,,,,,
Unknown,BRYU005_Neg_SA0193_QE2_HILIC_473,473,C:/Xcalibur/data/Brian_Yu/May_2022_HILIC,C:\Xcalibur\methods\Untargeted_DDA_HILIC_Neg,,,Y:A7,2,0,0,0,,1,SA0193,,,,,,
Unknown,BRYU005_Pos_SA0155_QE2_HILIC_474,474,C:/Xcalibur/data/Brian_Yu/May_2022_HILIC,C:\Xcalibur\methods\Untargeted_DDA_HILIC_Pos,,,Y:C2,2,0,0,0,,1,SA0155,,,,,,
Unknown,BRYU005_Neg_SA0155_QE2_HILIC_475,475,C:/Xcalibur/data/Brian_Yu/May_2022_HILIC,C:\Xcalibur\methods\Untargeted_DDA_HILIC_Neg,,,Y:C2,2,0,0,0,,1,SA0155,,,,,,
Unknown,BRYU005_Pos_SA0150_QE2_HILIC_476,476,C:/Xcalibur/data/Brian_Yu/May_2022_HILIC,C:\Xcalibur\methods\Untargeted_DDA_HILIC_Pos,,,Y:F1,2,0,0,0,,1,SA0150,,,,,,
Unknown,BRYU005_Neg_SA0150_QE2_HILIC_477,477,C:/Xcalibur/data/Brian_Yu/May_2022_HILIC,C:\Xcalibur\methods\Untargeted_DDA_HILIC_Neg,,,Y:F1,2,0,0,0,,1,SA0150,,,,,,
Unknown,BRYU005_Pos_SA0194_QE2_HILIC_478,478,C:/Xcalibur/data/Brian_Yu/May_2022_HILIC,C:\Xcalibur\methods\Untargeted_DDA_HILIC_Pos,,,Y:B7,2,0,0,0,,1,SA0194,,,,,,
Unknown,BRYU005_Neg_SA0194_QE2_HILIC_479,479,C:/Xcalibur/data/Brian_Yu/May_2022_HILIC,C:\Xcalibur\methods\Untargeted_DDA_HILIC_Neg,,,Y:B7,2,0,0,0,,1,SA0194,,,,,,
Unknown,BRYU005_Pos_SA0153_QE2_HILIC_480,480,C:/Xcalibur/data/Brian_Yu/May_2022_HILIC,C:\Xcalibur\methods\Untargeted_DDA_HILIC_Pos,,,Y:A2,2,0,0,0,,1,SA0153,,,,,,
Unknown,BRYU005_Neg_SA0153_QE2_HILIC_481,481,C:/Xcalibur/data/Brian_Yu/May_2022_HILIC,C:\Xcalibur\methods\Untargeted_DDA_HILIC_Neg,,,Y:A2,2,0,0,0,,1,SA0153,,,,,,
Unknown,BRYU005_BK_Pos_QE2_HILIC_482,482,C:/Xcalibur/data/Brian_Yu/May_2022_HILIC,C:\Xcalibur\methods\Untargeted_DDA_HILIC_Pos,,,R:B9,2,0,0,0,,1,,,,,,,
Unknown,BRYU005_BK_Neg_QE2_HILIC_483,483,C:/Xcalibur/data/Brian_Yu/May_2022_HILIC,C:\Xcalibur\methods\Untargeted_DDA_HILIC_Neg,,,R:B9,2,0,0,0,,1,,,,,,,
Unknown,BRYU005_QC_21_Pos_QE2_HILIC_484,484,C:/Xcalibur/data/Brian_Yu/May_2022_HILIC,C:\Xcalibur\methods\Untargeted_DDA_HILIC_Pos,,,R:F9,2,0,0,0,,1,,,,,,,
Unknown,BRYU005_QC_21_Neg_QE2_HILIC_485,485,C:/Xcalibur/data/Brian_Yu/May_2022_HILIC,C:\Xcalibur\methods\Untargeted_DDA_HILIC_Neg,,,R:F9,2,0,0,0,,1,,,,,,,
Unknown,BRYU005_Pos_SA0191_QE2_HILIC_486,486,C:/Xcalibur/data/Brian_Yu/May_2022_HILIC,C:\Xcalibur\methods\Untargeted_DDA_HILIC_Pos,,,Y:G6,2,0,0,0,,1,SA0191,,,,,,
Unknown,BRYU005_Neg_SA0191_QE2_HILIC_487,487,C:/Xcalibur/data/Brian_Yu/May_2022_HILIC,C:\Xcalibur\methods\Untargeted_DDA_HILIC_Neg,,,Y:G6,2,0,0,0,,1,SA0191,,,,,,
Unknown,BRYU005_Pos_SA0192_QE2_HILIC_488,488,C:/Xcalibur/data/Brian_Yu/May_2022_HILIC,C:\Xcalibur\methods\Untargeted_DDA_HILIC_Pos,,,Y:H6,2,0,0,0,,1,SA0192,,,,,,
Unknown,BRYU005_Neg_SA0192_QE2_HILIC_489,489,C:/Xcalibur/data/Brian_Yu/May_2022_HILIC,C:\Xcalibur\methods\Untargeted_DDA_HILIC_Neg,,,Y:H6,2,0,0,0,,1,SA0192,,,,,,
Unknown,BRYU005_Pos_SA0207_QE2_HILIC_490,490,C:/Xcalibur/data/Brian_Yu/May_2022_HILIC,C:\Xcalibur\methods\Untargeted_DDA_HILIC_Pos,,,Y:G8,2,0,0,0,,1,SA0207,,,,,,
Unknown,BRYU005_Neg_SA0207_QE2_HILIC_491,491,C:/Xcalibur/data/Brian_Yu/May_2022_HILIC,C:\Xcalibur\methods\Untargeted_DDA_HILIC_Neg,,,Y:G8,2,0,0,0,,1,SA0207,,,,,,
Unknown,BRYU005_Pos_SA0181_QE2_HILIC_492,492,C:/Xcalibur/data/Brian_Yu/May_2022_HILIC,C:\Xcalibur\methods\Untargeted_DDA_HILIC_Pos,,,Y:E5,2,0,0,0,,1,SA0181,,,,,,
Unknown,BRYU005_Neg_SA0181_QE2_HILIC_493,493,C:/Xcalibur/data/Brian_Yu/May_2022_HILIC,C:\Xcalibur\methods\Untargeted_DDA_HILIC_Neg,,,Y:E5,2,0,0,0,,1,SA0181,,,,,,
Unknown,BRYU005_Pos_SA0208_QE2_HILIC_494,494,C:/Xcalibur/data/Brian_Yu/May_2022_HILIC,C:\Xcalibur\methods\Untargeted_DDA_HILIC_Pos,,,Y:H8,2,0,0,0,,1,SA0208,,,,,,
Unknown,BRYU005_Neg_SA0208_QE2_HILIC_495,495,C:/Xcalibur/data/Brian_Yu/May_2022_HILIC,C:\Xcalibur\methods\Untargeted_DDA_HILIC_Neg,,,Y:H8,2,0,0,0,,1,SA0208,,,,,,
Unknown,BRYU005_Pos_SA0179_QE2_HILIC_496,496,C:/Xcalibur/data/Brian_Yu/May_2022_HILIC,C:\Xcalibur\methods\Untargeted_DDA_HILIC_Pos,,,Y:C5,2,0,0,0,,1,SA0179,,,,,,
Unknown,BRYU005_Neg_SA0179_QE2_HILIC_497,497,C:/Xcalibur/data/Brian_Yu/May_2022_HILIC,C:\Xcalibur\methods\Untargeted_DDA_HILIC_Neg,,,Y:C5,2,0,0,0,,1,SA0179,,,,,,
Unknown,BRYU005_Pos_SA0174_QE2_HILIC_498,498,C:/Xcalibur/data/Brian_Yu/May_2022_HILIC,C:\Xcalibur\methods\Untargeted_DDA_HILIC_Pos,,,Y:F4,2,0,0,0,,1,SA0174,,,,,,
Unknown,BRYU005_Neg_SA0174_QE2_HILIC_499,499,C:/Xcalibur/data/Brian_Yu/May_2022_HILIC,C:\Xcalibur\methods\Untargeted_DDA_HILIC_Neg,,,Y:F4,2,0,0,0,,1,SA0174,,,,,,
Unknown,BRYU005_Pos_SA0176_QE2_HILIC_500,500,C:/Xcalibur/data/Brian_Yu/May_2022_HILIC,C:\Xcalibur\methods\Untargeted_DDA_HILIC_Pos,,,Y:H4,2,0,0,0,,1,SA0176,,,,,,
Unknown,BRYU005_Neg_SA0176_QE2_HILIC_501,501,C:/Xcalibur/data/Brian_Yu/May_2022_HILIC,C:\Xcalibur\methods\Untargeted_DDA_HILIC_Neg,,,Y:H4,2,0,0,0,,1,SA0176,,,,,,
Unknown,BRYU005_Pos_SA0165_QE2_HILIC_502,502,C:/Xcalibur/data/Brian_Yu/May_2022_HILIC,C:\Xcalibur\methods\Untargeted_DDA_HILIC_Pos,,,Y:E3,2,0,0,0,,1,SA0165,,,,,,
Unknown,BRYU005_Neg_SA0165_QE2_HILIC_503,503,C:/Xcalibur/data/Brian_Yu/May_2022_HILIC,C:\Xcalibur\methods\Untargeted_DDA_HILIC_Neg,,,Y:E3,2,0,0,0,,1,SA0165,,,,,,
Unknown,BRYU005_BK_Pos_QE2_HILIC_504,504,C:/Xcalibur/data/Brian_Yu/May_2022_HILIC,C:\Xcalibur\methods\Untargeted_DDA_HILIC_Pos,,,R:B10,2,0,0,0,,1,,,,,,,
Unknown,BRYU005_BK_Neg_QE2_HILIC_505,505,C:/Xcalibur/data/Brian_Yu/May_2022_HILIC,C:\Xcalibur\methods\Untargeted_DDA_HILIC_Neg,,,R:B10,2,0,0,0,,1,,,,,,,
Unknown,BRYU005_QC_22_Pos_QE2_HILIC_506,506,C:/Xcalibur/data/Brian_Yu/May_2022_HILIC,C:\Xcalibur\methods\Untargeted_DDA_HILIC_Pos,,,R:F10,2,0,0,0,,1,,,,,,,
Unknown,BRYU005_QC_22_Neg_QE2_HILIC_507,507,C:/Xcalibur/data/Brian_Yu/May_2022_HILIC,C:\Xcalibur\methods\Untargeted_DDA_HILIC_Neg,,,R:F10,2,0,0,0,,1,,,,,,,
Unknown,BRYU005_Pos_SA0186_QE2_HILIC_508,508,C:/Xcalibur/data/Brian_Yu/May_2022_HILIC,C:\Xcalibur\methods\Untargeted_DDA_HILIC_Pos,,,Y:B6,2,0,0,0,,1,SA0186,,,,,,
Unknown,BRYU005_Neg_SA0186_QE2_HILIC_509,509,C:/Xcalibur/data/Brian_Yu/May_2022_HILIC,C:\Xcalibur\methods\Untargeted_DDA_HILIC_Neg,,,Y:B6,2,0,0,0,,1,SA0186,,,,,,
Unknown,BRYU005_Pos_SA0180_QE2_HILIC_510,510,C:/Xcalibur/data/Brian_Yu/May_2022_HILIC,C:\Xcalibur\methods\Untargeted_DDA_HILIC_Pos,,,Y:D5,2,0,0,0,,1,SA0180,,,,,,
Unknown,BRYU005_Neg_SA0180_QE2_HILIC_511,511,C:/Xcalibur/data/Brian_Yu/May_2022_HILIC,C:\Xcalibur\methods\Untargeted_DDA_HILIC_Neg,,,Y:D5,2,0,0,0,,1,SA0180,,,,,,
Unknown,BRYU005_Pos_SA0204_QE2_HILIC_512,512,C:/Xcalibur/data/Brian_Yu/May_2022_HILIC,C:\Xcalibur\methods\Untargeted_DDA_HILIC_Pos,,,Y:D8,2,0,0,0,,1,SA0204,,,,,,
Unknown,BRYU005_Neg_SA0204_QE2_HILIC_513,513,C:/Xcalibur/data/Brian_Yu/May_2022_HILIC,C:\Xcalibur\methods\Untargeted_DDA_HILIC_Neg,,,Y:D8,2,0,0,0,,1,SA0204,,,,,,
Unknown,BRYU005_Pos_SA0215_QE2_HILIC_514,514,C:/Xcalibur/data/Brian_Yu/May_2022_HILIC,C:\Xcalibur\methods\Untargeted_DDA_HILIC_Pos,,,Y:G9,2,0,0,0,,1,SA0215,,,,,,
Unknown,BRYU005_Neg_SA0215_QE2_HILIC_515,515,C:/Xcalibur/data/Brian_Yu/May_2022_HILIC,C:\Xcalibur\methods\Untargeted_DDA_HILIC_Neg,,,Y:G9,2,0,0,0,,1,SA0215,,,,,,
Unknown,BRYU005_Pos_SA0189_QE2_HILIC_516,516,C:/Xcalibur/data/Brian_Yu/May_2022_HILIC,C:\Xcalibur\methods\Untargeted_DDA_HILIC_Pos,,,Y:E6,2,0,0,0,,1,SA0189,,,,,,
Unknown,BRYU005_Neg_SA0189_QE2_HILIC_517,517,C:/Xcalibur/data/Brian_Yu/May_2022_HILIC,C:\Xcalibur\methods\Untargeted_DDA_HILIC_Neg,,,Y:E6,2,0,0,0,,1,SA0189,,,,,,
Unknown,BRYU005_Pos_SA0175_QE2_HILIC_518,518,C:/Xcalibur/data/Brian_Yu/May_2022_HILIC,C:\Xcalibur\methods\Untargeted_DDA_HILIC_Pos,,,Y:G4,2,0,0,0,,1,SA0175,,,,,,
Unknown,BRYU005_Neg_SA0175_QE2_HILIC_519,519,C:/Xcalibur/data/Brian_Yu/May_2022_HILIC,C:\Xcalibur\methods\Untargeted_DDA_HILIC_Neg,,,Y:G4,2,0,0,0,,1,SA0175,,,,,,
Unknown,BRYU005_Pos_SA0161_QE2_HILIC_520,520,C:/Xcalibur/data/Brian_Yu/May_2022_HILIC,C:\Xcalibur\methods\Untargeted_DDA_HILIC_Pos,,,Y:A3,2,0,0,0,,1,SA0161,,,,,,
Unknown,BRYU005_Neg_SA0161_QE2_HILIC_521,521,C:/Xcalibur/data/Brian_Yu/May_2022_HILIC,C:\Xcalibur\methods\Untargeted_DDA_HILIC_Neg,,,Y:A3,2,0,0,0,,1,SA0161,,,,,,
Unknown,BRYU005_Pos_SA0199_QE2_HILIC_522,522,C:/Xcalibur/data/Brian_Yu/May_2022_HILIC,C:\Xcalibur\methods\Untargeted_DDA_HILIC_Pos,,,Y:G7,2,0,0,0,,1,SA0199,,,,,,
Unknown,BRYU005_Neg_SA0199_QE2_HILIC_523,523,C:/Xcalibur/data/Brian_Yu/May_2022_HILIC,C:\Xcalibur\methods\Untargeted_DDA_HILIC_Neg,,,Y:G7,2,0,0,0,,1,SA0199,,,,,,
Unknown,BRYU005_Pos_SA0216_QE2_HILIC_524,524,C:/Xcalibur/data/Brian_Yu/May_2022_HILIC,C:\Xcalibur\methods\Untargeted_DDA_HILIC_Pos,,,Y:H9,2,0,0,0,,1,SA0216,,,,,,
Unknown,BRYU005_Neg_SA0216_QE2_HILIC_525,525,C:/Xcalibur/data/Brian_Yu/May_2022_HILIC,C:\Xcalibur\methods\Untargeted_DDA_HILIC_Neg,,,Y:H9,2,0,0,0,,1,SA0216,,,,,,
Unknown,BRYU005_BK_23_Pos_QE2_HILIC_526,526,C:/Xcalibur/data/Brian_Yu/May_2022_HILIC,C:\Xcalibur\methods\Untargeted_DDA_HILIC_Pos,,,R:B11,2,0,0,0,,1,,,,,,,
Unknown,BRYU005_BK_23_Neg_QE2_HILIC_527,527,C:/Xcalibur/data/Brian_Yu/May_2022_HILIC,C:\Xcalibur\methods\Untargeted_DDA_HILIC_Neg,,,R:B11,2,0,0,0,,1,,,,,,,
Unknown,BRYU005_QC_23_Pos_QE2_HILIC_528,528,C:/Xcalibur/data/Brian_Yu/May_2022_HILIC,C:\Xcalibur\methods\Untargeted_DDA_HILIC_Pos,,,R:F11,2,0,0,0,,1,,,,,,,
Unknown,BRYU005_QC_23_Neg_QE2_HILIC_529,529,C:/Xcalibur/data/Brian_Yu/May_2022_HILIC,C:\Xcalibur\methods\Untargeted_DDA_HILIC_Neg,,,R:F11,2,0,0,0,,1,,,,,,,
Unknown,BRYU005_wash_QE2_HILIC_530,530,C:/Xcalibur/data/Brian_Yu/May_2022_HILIC,C:\Xcalibur\methods\EndOfRun_noModifier_blank_HILIC,,,R:D12,0.01,0,0,0,,1,,,,,,,
Unknown,BRYU005_wash_QE2_HILIC_530,531,C:/Xcalibur/data/Brian_Yu/May_2022_HILIC,C:\Xcalibur\methods\EndOfRun_noModifier_blank_HILIC,,,R:D12,0.01,0,0,0,,1,,,,,,,
Unknown,BRYU005_wash_QE2_HILIC_530,532,C:/Xcalibur/data/Brian_Yu/May_2022_HILIC,C:\Xcalibur\methods\EndOfRun_noModifier_blank_HILIC,,,R:D12,0.01,0,0,0,,1,,,,,,,
Unknown,BRYU005_shutdown_QE2_HILIC_531,533,C:/Xcalibur/data/Brian_Yu/May_2022_HILIC,C:\Xcalibur\methods\Shutdown_A3,,,R:D12,0.01,0,0,0,,1,,,,,,,
